Year,Aruba,Africa Eastern and Southern,Afghanistan,Africa Western and Central,Angola,Albania,Andorra,Arab World,United Arab Emirates,Argentina,Armenia,American Samoa,Antigua and Barbuda,Australia,Austria,Azerbaijan,Burundi,Belgium,Benin,Burkina Faso,Bangladesh,Bulgaria,Bahrain,"Bahamas, The",Bosnia and Herzegovina,Belarus,Belize,Bermuda,Bolivia,Brazil,Barbados,Brunei Darussalam,Bhutan,Botswana,Central African Republic,Canada,Central Europe and the Baltics,Switzerland,Channel Islands,Chile,China,Cote d'Ivoire,Cameroon,"Congo, Dem. Rep.","Congo, Rep.",Colombia,Comoros,Cabo Verde,Costa Rica,Caribbean small states,Cuba,Curacao,Cayman Islands,Cyprus,Czech Republic,Germany,Djibouti,Dominica,Denmark,Dominican Republic,Algeria,East Asia & Pacific (excluding high income),Early-demographic dividend,East Asia & Pacific,Europe & Central Asia (excluding high income),Europe & Central Asia,Ecuador,"Egypt, Arab Rep.",Euro area,Eritrea,Spain,Estonia,Ethiopia,European Union,Fragile and conflict affected situations,Finland,Fiji,France,Faroe Islands,"Micronesia, Fed. Sts.",Gabon,United Kingdom,Georgia,Ghana,Gibraltar,Guinea,"Gambia, The",Guinea-Bissau,Equatorial Guinea,Greece,Grenada,Greenland,Guatemala,Guam,Guyana,High income,"Hong Kong SAR, China",Honduras,Heavily indebted poor countries (HIPC),Croatia,Haiti,Hungary,IBRD only,IDA & IBRD total,IDA total,IDA blend,Indonesia,IDA only,Isle of Man,India,Not classified,Ireland,"Iran, Islamic Rep.",Iraq,Iceland,Israel,Italy,Jamaica,Jordan,Japan,Kazakhstan,Kenya,Kyrgyz Republic,Cambodia,Kiribati,St. Kitts and Nevis,"Korea, Rep.",Kuwait,Latin America & Caribbean (excluding high income),Lao PDR,Lebanon,Liberia,Libya,St. Lucia,Latin America & Caribbean,Least developed countries: UN classification,Low income,Liechtenstein,Sri Lanka,Lower middle income,Low & middle income,Lesotho,Late-demographic dividend,Lithuania,Luxembourg,Latvia,"Macao SAR, China",St. Martin (French part),Morocco,Monaco,Moldova,Madagascar,Maldives,Middle East & North Africa,Mexico,Marshall Islands,Middle income,North Macedonia,Mali,Malta,Myanmar,Middle East & North Africa (excluding high income),Montenegro,Mongolia,Northern Mariana Islands,Mozambique,Mauritania,Mauritius,Malawi,Malaysia,North America,Namibia,New Caledonia,Niger,Nigeria,Nicaragua,Netherlands,Norway,Nepal,Nauru,New Zealand,OECD members,Oman,Other small states,Pakistan,Panama,Peru,Philippines,Palau,Papua New Guinea,Poland,Pre-demographic dividend,Puerto Rico,"Korea, Dem. People's Rep.",Portugal,Paraguay,West Bank and Gaza,Pacific island small states,Post-demographic dividend,French Polynesia,Qatar,Romania,Russian Federation,Rwanda,South Asia,Saudi Arabia,Sudan,Senegal,Singapore,Solomon Islands,Sierra Leone,El Salvador,San Marino,Somalia,Serbia,Sub-Saharan Africa (excluding high income),South Sudan,Sub-Saharan Africa,Small states,Sao Tome and Principe,Suriname,Slovak Republic,Slovenia,Sweden,Eswatini,Sint Maarten (Dutch part),Seychelles,Syrian Arab Republic,Turks and Caicos Islands,Chad,East Asia & Pacific (IDA & IBRD countries),Europe & Central Asia (IDA & IBRD countries),Togo,Thailand,Tajikistan,Turkmenistan,Latin America & the Caribbean (IDA & IBRD countries),Timor-Leste,Middle East & North Africa (IDA & IBRD countries),Tonga,South Asia (IDA & IBRD),Sub-Saharan Africa (IDA & IBRD countries),Trinidad and Tobago,Tunisia,Turkey,Tuvalu,Tanzania,Uganda,Ukraine,Upper middle income,Uruguay,United States,Uzbekistan,St. Vincent and the Grenadines,"Venezuela, RB",British Virgin Islands,Virgin Islands (U.S.),Vietnam,Vanuatu,World,Samoa,Kosovo,"Yemen, Rep.",South Africa,Zambia,Zimbabwe
1960,,,,,,,,,,,,,,,,,,,,,,,,,,,,,,,,,,,,,,,,,,,,,,,,,,,,,,,,,,,,,,,,,,,,,,,,,,,,,,,,,,,,,,,,,,,,,,,,,,,,,,,,,,,,,,,,,,,,,,,,,,,,,,,,,,,,,,,,,,,,,,,,,,,,,,,,,,,,,,,,,,,,,,,,,,,,,,,,,,,,,,,,,,,,,,,,,,,,,,,,,,,,,,,,,,,,,,,,,,,,,,,,,,,,,,,,,,,,,,,,,,,,,,,,,,,,,,,,,,,,,,,,,,
1961,,,,,,,,,,,,,,,,,,,,,,,,,,,,,,,,,,,,,,,,,,,,,,,,,,,,,,,,,,,,,,,,,,,,,,,,,,,,,,,,,,,,,,,,,,,,,,,,,,,,,,,,,,,,,,,,,,,,,,,,,,,,,,,,,,,,,,,,,,,,,,,,,,,,,,,,,,,,,,,,,,,,,,,,,,,,,,,,,,,,,,,,,,,,,,,,,,,,,,,,,,,,,,,,,,,,,,,,,,,,,,,,,,,,,,,,,,,,,,,,,,,,,,,,,,,,,,,,,,,,,,,,,,
1962,,,,113.6827747,,,,,,,,,,1870,1060,,70,1450,90,80,,,,1550,,,330,,,,,,,80,80,,,,,580,70,160,,,150,280,,,360,480.0740855,,,,,,,,,,220,190,72.57132928,,143.3357339,,,380,,,,500,,,,,1370,280,1550,,,330,,,190,,,,,,620,,,260,,280,1532.687366,,180,,,,,,,,104.7304098,,,,90,,,210,,1540,1320,960,,,610,,100,,,,,120,,,,,,,,,,,,,,,,,,1630,,,,,,,130,,,360,,135.9988369,,,,,,,,,,,,50,240,3189.391841,,,150,100,140,1220,1610,50,,,1446.153145,,,90,490,290,250,,110,,,820,,410,,,,1516.959277,,,,,40,86.67007333,,140,,490,,,,,70,,116.7977602,,116.825778,,,270,,,2310,,,290,,,110,73.44891002,,90,110,,,,,,,86.67007333,116.825778,640,,,,,,,171.4154029,580,3280,,180,960,,,,,481.7598755,,,,460,190,270
1963,,,,122.1515627,,,,,,,,,,1970,1140,,80,1530,100,80,,,,1650,,,340,,,,,,,80,80,,,,,630,80,180,,,150,280,,,350,519.9587844,,,,,,,,,,240,230,78.76138365,,156.6504594,,,350,,,,570,,,,,1470,290,1700,,,410,,,200,,,,,,700,,,280,,250,1624.908897,570,180,,,,,,,,111.7165996,,,,100,,,210,,1740,1330,1060,,,700,,100,,,,,120,,,,,,,,,,,,130,,143.432558,,,,1680,,,,,,,130,,,390,,146.6786486,,,,30,,,,,,180,,50,250,3317.425398,,,160,110,150,1310,1710,50,,,1531.637437,,,100,530,300,220,,120,,,900,,430,,,,1608.60794,,,,,40,93.94338258,,140,,530,,,,,70,,123.4980593,,123.5291247,,,230,,,2490,,,310,,,110,79.70423393,,90,120,,,,,,,93.94338258,123.5291247,750,,,,,,,187.2406479,610,3410,,160,990,,,,,508.6629966,,,,490,190,270
1964,,,,128.2104268,,,,,,1120,,,,2110,1240,,80,1670,110,80,,,,1760,,,350,,,,,,,90,80,,,,,670,90,220,,,160,310,,,350,564.0291955,,,,,,,,,,260,240,87.18980204,,174.9997392,,,380,,,,640,,,,,1620,300,1870,,,340,,,210,,,,,,790,,,280,,280,1746.841469,630,190,,,,,177.5412396,164.996523,,115.8773562,,,,110,,,220,,2050,1310,1160,,,810,,110,,,,,130,,,,,,,,,,,,130,,157.5441288,,,,1870,,,,,,,140,,,440,,161.4492785,,,,30,,,,,,230,,50,270,3503.426098,,,160,110,160,1460,1860,50,,,1646.127205,,,100,550,340,190,,120,,,960,,470,,,,1730.726808,,,,,40,104.5573201,,140,,510,,150,,,70,,129.3530591,,129.3858279,,,250,,,2740,,,330,,,110,88.22607717,,100,130,,,,,,,104.5573201,129.3858279,800,,,,,,,209.8025102,660,3610,,170,950,,,,,544.8305744,,,,520,210,260
1965,,,,133.1548588,,,,,,1230,,,,2270,1340,,70,1800,110,80,,,,1900,,,370,,,,,,,90,90,,,,,670,100,210,,,170,310,,,370,607.2548387,,,,,,,,,,230,250,98.53536153,,193.6232591,,,430,,,,730,,,,,1810,290,2030,,,360,,,230,,,,,,900,,,290,,310,1893.018875,700,210,,,,,192.1968932,178.1787376,,122.3308914,,,,110,,,250,,2440,1440,1280,,,900,,100,,,,,130,,,,,,,,,,,,130,,171.3776165,,,,1920,,,,,,,140,,,480,,175.7786778,,,,20,,,,,,260,,50,300,3762.63503,,,170,110,200,1700,2050,50,,,1781.699475,,,110,590,380,210,,140,,,1060,,520,,,,1877.154043,,,,,40,109.3364173,,140,,540,,160,,,70,,136.8186357,,136.848677,,,370,,,2960,,,320,,,120,99.7020884,,110,140,,,,,,,109.3364173,136.848677,820,,,,,,,233.2968271,680,3880,,180,890,,,,,586.4532543,,,,560,270,280
1966,,,,136.0760733,,,,,,1350,,,,2350,1470,,60,1950,110,80,,,,2040,,,390,,,270,,,,100,90,,,,,750,110,230,,,180,320,,,390,609.5463319,,,,,,,,,,250,230,106.4188505,,212.7158109,,,450,,,,840,,,,,1970,300,2200,,,420,,,250,,,,,,1000,,,290,,320,2062.249384,710,220,,,,,200.822305,186.0357584,,127.3719052,,,,110,,,270,,2980,1470,1410,,,1040,,120,,,,,140,,449.4750297,,,,,,488.7357183,,,,150,,179.3235416,80,200.8216248,,2020,,,,,,,150,,,510,,184.0543791,,,,20,,,,,,260,,60,320,4066.786621,,,170,110,230,1840,2240,70,,,1938.44549,,,120,630,450,220,,150,,,1160,,570,,,,2046.172685,,,,,40,105.3867012,,140,,590,,150,,,80,,142.0410488,,142.07773,,,450,,,3190,,,360,,,120,107.6751226,,120,160,,,477.1833971,,,,105.3867012,142.07773,760,,,,,,,252.5779337,720,4190,,180,820,,,,,629.0347303,,,,590,280,280
1967,,,,128.7928326,,,,,,1240,,,,2540,1560,,50,2100,120,90,,,,2230,,,420,,,320,,,,100,100,,,,,760,100,240,110,,190,300,,,410,644.4086155,,,,,,,,,,250,250,100.4356061,194.406604,223.6404305,,,460,170,,,930,,,,,2060,340,2360,,,440,,,240,,,,,,1090,,,290,,340,2192.186282,710,230,,,,,201.141229,186.5268529,,126.7053868,,,,110,,,290,,3110,1480,1550,,,1210,,120,,,,,150,,464.5966251,,,,,,503.3286046,,,,170,112.8653383,179.7484012,80,198.015982,,2070,,,,,,,160,,,560,,184.4269242,,,,10,,,,,,270,,60,330,4235.245727,,1830,170,100,290,2000,2470,80,,,2057.741011,160,,130,670,490,230,,160,,,1240,,640,,,,2176.963986,2090,,,,50,106.5779551,,140,,660,,140,300,,90,,145.7101345,,145.7429411,,,510,,,3460,,,350,,,130,101.6230303,,120,170,,,490.8299528,,,,106.5779551,145.7429411,770,220,470,,,,,251.1411915,640,4370,,170,840,,,,,656.4060053,,,,650,330,300
1968,,,,130.4172197,,,,,,1210,,,,2730,1680,,50,2270,120,90,,,,2450,,,420,,,380,,,,120,100,,,,,780,90,270,130,,200,300,,,440,671.6097408,,,,,,,,,2870,250,280,97.43059608,200.5162418,242.6686826,,,470,180,,,1010,,,,,2090,350,2560,,,460,,,220,,,110,,,1200,,,310,,330,2400.155238,740,250,,,,,206.2698861,191.5457438,,134.2054501,,,,100,,,320,,2790,1730,1700,620,,1430,,130,,,,,190,,498.8249648,,,,,,538.342226,,,,160,113.9942669,184.3911185,80,202.52822,,2240,,,,220,,,170,,,610,,189.2099743,,,,10,,,,,,290,,60,340,4594.909915,,2160,160,100,290,2230,2630,70,,,2251.115361,230,,150,710,470,250,,180,,,1370,,730,,,,2385.390087,2520,,,,50,103.9893741,,150,340,750,,140,300,,90,,152.0829683,,152.1137372,,,520,,,3770,,,350,,,130,98.58575394,,130,180,,,524.525291,,,,103.9893741,152.1137372,790,250,520,,,,,259.6447436,610,4740,,190,900,,,,,704.4740769,,,,690,370,300
1969,,,,143.0337523,,,,,,1300,,,,2980,1850,,50,2510,120,90,,,,2760,,,420,,,420,,,,140,110,,,,,830,110,280,160,,220,320,,,470,702.8704887,,,,,,,,,3140,280,310,109.2025273,214.2578574,276.3384669,,,500,190,,,1110,,,,,2270,350,2820,,,530,,,220,,,110,,,1370,,,330,,350,2611.834157,840,250,,,,,224.1097437,207.934375,135.2429252,150.9208656,70,,,110,,,360,,2490,1910,1850,650,,1680,,140,,,,,240,,532.6499287,,,,,,573.2170773,,,,170,123.4122715,200.6645681,80,224.6938665,,2560,,,,240,,,170,,,640,,206.1519399,,60,,20,,,,,,280,,60,350,4911.483028,,2520,150,120,310,2550,2850,70,,,2444.462049,280,,160,770,480,270,,200,,,1560,,790,,,,2597.571596,2430,,,,50,111.3508487,,160,310,850,,150,300,,90,,164.8234866,,164.8474245,,,530,,,4100,,,330,,,140,110.499814,,140,190,,,557.3155746,,,,111.3508487,164.8474245,810,260,560,,,,,283.7595289,670,5070,,190,910,,,,,760.2073264,,,,740,410,340
1970,,,,170.4647299,,,,,,1320,,,,3270,2070,,70,2790,120,90,,,,2920,,,420,,,450,,,,160,110,,,,,880,120,300,160,,220,330,,,520,754.8425925,,,,,,,,,3310,340,330,122.1444152,226.13809,306.5770904,,,520,220,,,1170,,,,,2460,400,3020,,,570,2530,,250,,,110,,,,,,350,,360,2770.42415,930,260,,,,,241.7185255,225.2745726,153.3985233,180.0167475,80,,,120,,,390,,,,2060,720,,1880,,130,,,,,280,,563.8766603,,,,,,610.0068995,,,,170,133.1956856,217.2869711,90,250.1191929,,3220,,,,250,,,180,,,680,,223.3729426,,60,,20,,,,,,290,,60,370,5063.428791,,3220,150,170,310,2890,3120,70,,,2587.444425,320,,170,810,500,250,,220,,,1750,,950,,,,2755.53144,2400,,,,60,117.9768027,930,170,320,970,,160,310,,100,,185.4748355,,185.4964518,,,570,,,4690,,,350,,,140,123.5968071,,130,210,,,592.227319,,,,117.9768027,185.4964518,830,270,560,,,,,308.05808,820,5230,,210,980,,,,,803.1404246,,,,800,450,400
1971,,,,179.0027356,,,,,,1470,,,,3470,2320,,70,3080,120,90,,,,3110,,,450,,,510,,,,200,110,,,,,1060,130,300,170,,230,360,,,570,798.1066916,,,,,,,,,3670,370,320,125.4901737,238.6179685,334.5304242,,,510,240,,,1310,,,,,2690,440,3250,,,610,2790,,270,,,110,,,,,,360,,380,3018.925401,1060,270,,,,,256.3760613,238.5890136,160.4644849,190.3722663,80,,,120,,,450,,,,2250,760,,2140,,160,,,,,310,,618.5483964,,,,,,668.8028093,,,,170,139.6007108,229.672427,90,266.7148288,,3440,,,,270,,,180,,,730,,236.1785861,,70,,20,,,,,,280,,70,390,5434.191342,,3420,160,180,320,3290,3570,70,,,2811.670913,330,,180,890,560,250,,240,,,1910,,1070,,,,3002.453469,2640,,,,60,121.910236,1000,180,320,1090,,160,320,,100,,197.6725907,,197.702978,,,610,,,4990,,,410,,,140,126.982636,,130,210,,,649.352579,,,,121.910236,197.702978,870,310,530,,,,,327.1799607,850,5620,,220,1010,,,,,863.9728731,,,,870,440,410
1972,,,,192.9073473,,,,,,1470,,,,3890,2760,,70,3640,130,90,,,,3190,,,520,,,590,,,,260,120,,,,,1150,130,320,190,,270,390,,,630,947.4592633,850,,,,,3600,,,4310,430,440,132.4370678,254.8543403,392.5611864,,1754.172696,510,260,2899.278843,,1590,,,2412.809859,,3170,530,3670,,,690,3200,,260,,,120,120,,,,1890,390,,390,3457.130089,1300,280,,,,,277.2836055,257.3678043,169.0454682,201.6219622,90,,,120,,2070,540,,,,2620,980,,2720,,190,,,,,340,,681.2383811,,,,,,734.939863,,,5120,180,150.0297008,247.6132354,100,291.8023881,,4050,,,,290,,,190,,,820,,254.7810617,,80,1090,20,,,,,,290,,80,440,6066.897743,,3780,150,200,330,3850,4230,80,,,3212.335575,360,,170,960,630,250,,270,,,2100,,1270,,,,3442.03739,2660,,,,60,125.7760168,1150,190,350,1280,,170,350,,120,,210.8269646,,210.8685021,,,690,,,5670,300,,480,,,150,134.0149198,,140,220,,,713.6222813,,,,125.7760168,210.8685021,1000,400,560,,,,,353.7231939,870,6280,,300,1120,,,,,971.2994036,,,,920,440,450
1973,,,,216.2948094,,,,,,1820,,,,4650,3580,,80,4690,160,110,120,,,3740,,,600,,,730,,,,350,140,,,,,1360,160,380,220,,340,460,,,760,1050.671806,1040,,,,,4670,,,5580,520,530,159.8183433,304.3535131,498.6217869,,2222.177924,600,290,3723.515979,,2090,,,3093.083139,,4030,720,4690,,,910,3910,,280,,,150,130,,,,2440,450,,430,4226.584291,1750,320,,,,,334.4915256,307.262677,181.5630421,208.7417276,110,,,140,,2540,730,,,,3250,1020,,3620,,200,,,,,430,,827.2748192,,,,,,888.9960993,,,6500,210,174.6819165,295.6329342,150,352.2643805,,5200,,,,350,,,210,,,990,,304.4402693,,90,1260,20,,,,,,340,,90,570,7043.369467,,4000,160,220,380,5070,5320,80,,,3917.991888,310,,150,1090,740,300,,350,,,2380,,1700,,,,4210.723957,3320,,,,70,141.9904439,1600,220,370,1600,,190,380,,140,,244.0935378,,244.1541653,,,770,,,7050,370,,630,,,160,161.7255527,,170,260,,,864.4912468,,,,141.9904439,244.1541653,1200,460,640,,,,,428.368739,1060,7290,,310,1340,,,,,1173.731977,,,,1110,450,530
1974,,,,300.8374128,,,,,,2470,,,,5950,4650,,100,6000,190,140,160,,,3840,,,730,,,960,,,,440,170,,,,,1650,180,480,280,,420,550,,,880,1240.404002,1240,,,,,5800,,,6800,610,710,187.1751266,388.7676685,604.6954796,,2710.029865,830,300,4622.818019,,2730,,,3832.090819,,5130,930,5790,,,1700,4370,,320,,,180,150,,,,3130,540,,540,4935.712797,2150,360,,,,,414.7047204,381.5966633,229.9560354,268.459119,160,,,170,,2990,1090,,,,3930,1180,,4430,,230,,,,,550,,1058.517937,,,,,,1129.632105,,,8210,250,218.0482774,366.6727532,220,424.121188,,6850,,,,440,,,260,,,1210,,377.6625298,,100,1560,30,,,,,,480,,110,750,7711.497198,,5280,210,340,510,6370,6750,100,,,4566.100344,700,,150,1220,930,360,,440,,,2590,,2070,,,,4907.929915,4580,,,,80,164.5313427,3160,290,450,2090,,220,440,,130,,319.3745464,,319.4442007,,,980,,,8580,470,,770,,,190,189.4112027,,220,330,,,1105.966335,,,,164.5313427,319.4442007,1500,610,860,,,,,530.1171986,1370,7980,,340,1720,,,,,1374.510164,,,,1400,580,670
1975,,,,358.2145986,,,,,,2720,,,,7220,5540,,110,6910,200,160,210,,,4640,,,840,,,1180,,,,520,190,,,,,1150,200,600,360,,500,590,,,970,1570.002013,1500,,,,,6720,,,8080,710,910,217.8918004,468.0889768,705.8843669,,3119.961393,1090,330,5329.937832,,3240,,,4423.567734,,6320,1120,6720,,,2870,4880,,300,,,230,170,,,,3800,610,,680,5517.274392,2450,380,,,,,487.8714075,448.6738505,270.2106849,307.348988,220,,,190,,3390,1460,,,,4320,1370,,5170,,250,,,,,660,,1249.551535,,,,,,1308.708407,,,10150,270,260.7004053,433.9421649,230,486.509791,,7890,,,,540,,,310,,,1460,,446.8198239,,120,1990,40,,,,,,510,,130,860,8213.9767,,6400,230,400,570,7630,8380,110,,,5099.731174,1510,,160,1370,1080,430,,490,,,2660,,2210,,,,5489.257905,5100,,,,100,187.6632495,4500,380,560,2660,,250,480,,190,,372.985803,,373.0597283,,,1320,,,10160,,,870,,,230,220.4967381,,260,380,,,1282.678242,,,,187.6632495,373.0597283,2170,760,1110,,,,,624.4997931,1620,8510,,370,2140,,,,,1541.635217,,,,1610,590,730
1976,,,,422.6386569,,,,,,2360,,,,7870,5980,,120,7580,210,170,200,,,3120,,,800,,550,1400,,,,540,210,,,,,1010,190,680,340,,480,620,,,1050,1596.561249,1550,,,,,7130,,,8960,780,1060,213.4900911,514.4075711,731.9711547,,3296.62885,1280,350,5651.633034,,3430,,,4689.861471,,6840,1220,7140,,,4450,5020,,290,,,230,150,,,,4330,690,,660,5852.828156,2900,410,,,,,511.2052736,472.1966201,297.5292342,358.3533053,270,,,180,,3280,1980,,,,4510,1380,,5410,,250,,,,,810,,1327.9078,,,,,,1388.289158,,,11190,260,286.1237295,456.1943434,280,500.3135758,,8470,,,,580,,,300,,,1540,,469.7059979,,140,2120,40,,,,,,540,,130,920,8648.617671,,6440,220,510,600,8350,9150,120,,,5377.028778,2770,,180,1350,1070,480,,470,,,2650,,2330,,,,5798.953456,5590,,,,130,181.7408344,8020,440,600,2930,,220,530,,180,,399.9472995,,400.0217756,,,1420,,,10720,,,910,,,220,216.0410694,,270,420,,,1365.021032,,,,181.7408344,400.0217756,2530,810,1310,,,,,642.1399813,1490,8960,,390,2470,,,,,1621.835834,,,,1560,570,710
1977,,,,455.2310223,,,,,,2220,,,,8080,6660,,140,8220,230,170,170,,,3360,,,850,,580,1520,,,,580,240,,,,,1060,190,780,340,,450,690,,,1250,1722.267867,1600,,,1520,,7670,,,9780,830,1100,226.9214795,528.7132579,791.8672443,,3516.161907,1360,370,6070.739252,,3640,,,5030.255923,,7190,1300,7810,,,4010,5230,,300,,,240,140,,,,5140,800,,610,6283.408656,3340,460,,,,,532.481401,491.6895325,310.7643851,387.7942448,300,,,190,,3580,2060,,,,4730,1460,,5940,,280,,,,,970,,1362.1593,,,,,,1427.61064,,,12370,260,300.5625262,474.7519904,310,533.8832634,,9030,,,,600,,,310,,,1480,,488.6808552,,160,2320,40,,,,,,550,,130,970,9256.556089,,6580,230,560,680,9100,9960,120,,,5751.883087,2720,,200,1550,1020,510,,470,,,2740,,2430,,,,6227.926081,5890,,,,160,184.7023146,8770,480,590,3020,,210,610,,160,,411.3924564,,411.4552948,,,1640,,,11290,,,870,,,230,229.6284709,,290,450,,,1403.255905,,,,184.7023146,411.4552948,2810,850,1410,,,,,665.3844032,1420,9590,,460,2600,,,,,1719.239883,,,,1500,500,650
1978,,,,478.736283,,,,,,2190,,,,8470,7540,,150,9560,250,200,170,,,3720,,,930,,650,1710,,,,690,280,,,,,1360,200,950,520,,490,850,,,1480,1877.649201,1790,,,1800,,8870,,,11170,900,1320,240.7626509,564.7215633,934.9169288,,3971.405798,1550,390,6891.9806,,4040,,,5700.281294,,7910,1360,8830,,,3090,5950,,350,,,260,160,,,,6160,920,,620,7179.628644,3930,610,,,,,575.2516527,529.7707346,329.149588,414.4768116,360,,,210,,4120,2000,,,,5270,1410,1160,7450,,320,,,870,,1280,,1478.190252,,,,,,1557.036994,,,14760,240,326.0189306,510.3542453,340,582.0960785,,10600,,,,650,,,310,,,1590,,525.7327662,,170,2660,30,,,,,,570,1010,150,1130,10385.37579,,6980,280,560,650,10460,11110,120,,,6563.455675,2650,,240,1790,870,570,,570,,,2980,,2530,,,,7128.798221,6760,,,,180,203.5325518,8890,460,580,3370,,240,710,,130,,432.8096445,,432.9220686,,,1930,,,12460,,,1170,,,240,243.6260631,,330,530,,,1529.603596,,,,203.5325518,432.9220686,3360,940,1530,,,,,713.4794274,1630,10760,,560,2790,,,,,1929.472424,,,,1610,490,650
1979,,,,558.9149508,,,,,,2630,,,1740,9600,9620,,180,11730,310,250,190,,,5200,,,1120,,760,2000,,,,890,310,,,,,1790,210,1130,640,,610,1060,,,1740,2073.892456,1990,,,2400,,11050,,710,13560,1030,1640,265.9286257,656.5890225,1134.731758,,4910.401933,1820,420,8548.557283,,5010,,,7048.99201,,9540,1660,10820,,,3520,7580,,380,,,310,180,,,1150,7550,1080,,670,8620.410432,4700,830,,,,,662.5231193,609.7490761,379.1943218,479.685345,400,,,220,,5120,2240,,,,6740,1320,1540,9450,,390,,,860,1370,1680,,1735.130119,,,,,,1831.651814,,,18510,260,368.5387247,585.7730625,400,670.7843559,,12870,,,,780,,,390,,,1890,,603.7017214,,220,3300,30,,,,,,640,1220,170,1450,11773.61469,,6900,350,640,500,12760,13110,130,,6530,7864.485176,3070,,270,2020,910,670,,640,,,3390,,2870,,,,8555.096622,7980,,,,230,222.2435622,11170,490,720,3990,,310,780,,110,,506.4909,,506.6911677,,,2170,,,14790,,,1760,,,220,269.0812987,,350,610,,,1803.304062,,,,222.2435622,506.6911677,3940,1130,1820,,,,,828.1849127,2150,12200,,710,3180,,,,,2282.626304,,,,1940,510,730
1980,,,,646.0210276,,,,,,2910,,,2180,10830,11460,,220,13980,390,300,230,,,6050,,,1420,,820,2180,,,,1110,360,,,,,2300,220,1160,640,,830,1250,,,1950,2388.112233,2140,,,3390,,13010,,960,15090,1140,1990,294.1443618,777.244124,1288.470152,,5881.979316,2110,490,10265.48551,,6210,,,8435.591498,918.4227807,11450,1870,13080,,,4590,9550,,420,,,380,150,,,1300,9270,1210,,760,9962.558738,5730,1090,,,250,,758.3542399,698.349918,439.4130297,562.8462864,470,,,270,,6380,2050,3910,,,8430,1220,1810,10850,,450,,,690,1670,1870,,2012.340722,,,,,,2131.163398,,,22610,280,423.1466614,668.495825,440,747.4395833,,15390,,,,980,,,500,,,2560,,689.4804189,,250,4280,30,,,,,,710,1240,190,1790,12913.0085,,7980,410,760,600,14830,15650,140,,7670,9071.222324,3960,,320,2260,1020,790,,710,,606.3605683,3720,,3350,,,,9865.972344,9140,,,,270,267.0370635,14270,480,840,4730,,370,740,,100,,604.4295476,,604.6663074,,,2290,,,17300,,,2110,,,240,297.6254521,,420,710,,,2105.54431,,,,267.0370635,604.6663074,5140,1360,1860,,,,,944.6071108,2870,13380,,830,3610,,,,,2613.605181,,,,2500,610,900
1981,,,,762.9467899,,,,,,2820,,,2430,11870,11180,,250,13190,410,300,260,,,5790,,,1430,,900,2120,,,,1340,350,,,,,2780,220,1130,800,,1090,1350,,,1420,2655.213718,2430,,,4050,,12540,,1160,14180,1210,2200,311.2899699,877.8500272,1339.395849,,5914.507482,2460,520,10165.53664,,6310,,,8347.867485,1013.240343,11980,2040,13190,,,5290,10660,,410,,,390,190,,,1310,9100,1240,,740,10367.13772,6360,1090,,,250,,818.3823459,757.1735691,499.2029614,676.0459955,530,,,290,,6780,2320,3420,,,8710,1300,2040,11120,,450,,,660,1850,2030,,2166.440765,,,,,,2317.868996,,,22620,300,471.8342804,721.9023304,510,769.9758521,,15400,,,,960,,,510,,,3270,,745.3218655,,240,4670,30,,,,,,720,1280,190,1930,13853.15946,,7940,390,970,660,14000,16410,160,,8240,9433.947426,5480,,350,2470,1170,850,,720,,649.1052449,3890,,3420,,,,10237.08935,9600,,,,280,293.2105749,16530,500,840,5380,,360,740,,110,,695.5376442,,695.7806725,,,2640,,,17530,,,2300,,,230,314.9707895,,390,760,,,2289.370807,,,,293.2105749,695.7806725,6060,1420,1860,,,,,1004.81001,3650,14360,,960,4100,,,,940,2718.949632,,,,2880,690,1060
1982,,,,876.4738665,,,,2937.615532,,2670,,,2470,12080,10380,,240,11180,360,280,250,2360,8520,6360,,,1290,,860,2060,,,270,1290,340,,,,,2280,220,960,780,,1220,1330,660,510,1020,2823.764254,2340,,,4490,,11120,,1210,12860,1240,2260,310.923726,856.9169314,1291.632573,,5416.747328,2390,550,9203.934394,,5680,,,7550.601027,1075.801807,11700,1800,12040,,,4840,10660,,360,,,340,200,130,,1300,8020,1170,,590,9868.339165,6290,1020,,,250,,805.4448998,751.7271884,533.9003531,783.4761163,560,,,290,,6390,3070,3010,,,8220,1350,1980,10550,,390,,,790,1940,2050,,2061.701526,,,,,1530,2202.74666,,,20320,310,504.0916223,718.5194526,610,750.3246439,,14850,,,,940,,,520,,,3000,,742.4903982,,200,4550,30,,,,,,670,1190,180,1860,13709.85015,1980,7160,360,1260,680,12350,15750,150,,7860,8957.796786,6210,,360,2630,1130,840,,650,,688.3549226,3770,,3230,,,1463.480254,9769.070954,9130,,,,270,287.2689077,13970,470,770,5680,760,350,690,,110,,730.3950894,,730.6209742,,,2510,,,15760,,,2290,,,210,314.5944148,,320,760,,,2173.765576,,,,287.2689077,730.6209742,6710,1280,1570,,,,,959.0586634,3290,14220,,1030,4050,,,,840,2589.541447,,,,2770,610,1040
1983,,568.8890853,,925.1852684,,,,2565.668823,,2870,,,2690,11590,9600,,230,9430,290,240,230,2090,9150,6640,,,1150,,840,1780,,,250,1170,270,,,,,1820,220,720,700,,1080,1280,590,470,940,2704.695211,2180,,,4220,,10020,,1220,11710,1240,2190,306.6651771,796.1170706,1257.584747,,4842.09028,2110,560,8203.861432,,4860,,210,6717.475911,1065.185734,10840,1580,10450,,,4260,9860,,320,,,300,190,130,,1280,7270,1110,,510,9458.980778,5890,1000,325.1072944,,240,,752.7144489,708.2642123,536.5135656,835.4762996,530,333.9435594,,280,,5720,3260,2350,,,7630,1390,1750,10270,,340,,,780,2010,2170,,1814.151969,,,,,1510,1940.86795,,,18770,310,502.6609333,679.2514236,540,699.1215104,,13410,,,,790,,,480,,,2400,,702.5749786,,170,3940,30,,,1440,,,640,1070,170,1810,14045.98198,1840,5920,290,1450,680,11070,14930,140,,7370,8554.07337,6160,,350,2540,920,770,,610,,676.2252696,3670,,2830,,,1314.862602,9398.217122,8190,,,,260,281.2271145,11320,430,600,6170,710,300,670,,100,,718.973534,,719.1766112,,,2320,,,13550,,,2190,,,190,310.2824068,,250,760,,,1908.580376,,,690,281.2271145,719.1766112,6120,1180,1400,,,,,876.2577829,2190,14570,,1090,3780,,,,800,2455.706394,,,,2520,500,960
1984,,540.7056414,,757.9089771,,,,2523.795067,,2830,,,3170,12030,9270,,220,8860,270,210,220,2010,9310,7700,,,1160,,850,1680,,,280,1090,270,,,,,1590,250,660,720,,1060,1280,550,450,1110,2636.639208,2310,,,4360,,9880,,1330,11520,1300,2270,324.3875271,767.3865365,1297.050512,,4661.992373,1890,640,7974.309244,,4580,,200,6523.067719,949.8270229,10790,1660,9820,,,4310,9270,,340,,,290,190,130,,1340,6740,1130,,470,9809.893233,6170,1080,311.8214591,,260,,746.6143603,691.8145623,471.0680954,699.7304991,520,318.8487316,,280,,5610,3070,2540,,,7760,1130,1730,10520,,310,,,590,2240,2340,,1731.638489,,,,,1660,1852.358384,,,19020,330,479.0372091,665.3102091,490,715.8197333,,12990,,4770,,730,,,430,,,2200,,689.0577708,,160,3830,40,,,1320,,,610,1030,170,1950,15624.46594,1670,5480,210,1130,700,10730,15140,160,,7010,8843.907832,6320,,350,2570,890,660,,600,,587.0275908,3970,,2520,,,1353.507136,9777.653799,8030,,,,250,279.3328431,10130,380,560,6930,670,290,690,,110,,631.6926824,,631.9148297,,,2340,,,13020,,,2220,,,180,328.214206,,230,790,,,1810.807858,,,690,279.3328431,631.9148297,6030,1160,1310,,,180,,878.3357064,1740,16210,,1200,3640,,,,900,2498.797796,510,,,2460,420,830
1985,,486.7877849,,685.7663048,590,,,2488.724657,,2700,,,3610,12010,9360,,240,8820,260,210,230,1950,7900,8510,,,1200,,840,1550,,,280,1070,290,,,,,1430,290,640,780,,990,1210,550,450,1240,2589.868522,2310,,,4480,,9840,,1480,11840,1100,2400,346.5306117,766.6575879,1382.505866,,4647.288104,1820,680,7987.292707,,4550,,190,6533.229419,907.6699463,11130,1580,9770,,,3860,9160,,350,,,300,200,150,,1500,7060,1160,,500,10264.30404,6090,1160,313.7068923,,280,,760.5106748,698.4861229,446.412312,637.5103317,500,321.034515,,290,,5630,3420,2760,,,8030,920,1670,11470,,310,,,540,2510,2480,,1675.36547,,,,,1940,1791.86776,214.0850973,,19730,370,486.5563091,673.4165762,410,734.1264,,13050,,4600,,680,,,400,,,2270,,697.6811073,,180,3690,30,,,1230,,,580,1060,160,1920,16835.75554,1320,5510,220,970,690,10330,15710,160,,6950,9254.530237,6560,,340,2840,840,590,,610,,558.9546713,4280,,2530,,,1292.541222,10263.55132,8340,,,,260,288.9452084,9010,390,560,7100,610,240,720,,120,,569.9563917,,570.2281558,,,2380,,,13080,,,2490,,,210,350.6155615,,230,790,,,1745.436164,,,720,288.9452084,570.2281558,5900,1150,1310,,,200,,888.5175126,1510,17460,,1330,3520,,,,930,2576.744821,480,,,2130,340,740
1986,,492.6539625,,623.0209245,680,700,,2656.407412,,3020,,,3970,12300,10820,,250,10170,270,240,250,2190,7230,9400,,,1350,,740,1750,5910,,330,1150,340,,,,,1470,310,730,950,,980,1220,620,510,1440,2514.413987,2390,,,5020,,11240,,1790,14070,1030,2590,367.9717648,791.6832223,1588.140346,,5321.506778,1770,740,9230.304274,,5400,,230,7555.370577,902.0706328,13010,1790,11330,,,3840,10250,,390,,,300,160,170,,1790,8540,1070,,520,11587.03821,7230,1260,353.15515,,320,,802.9619498,732.4309117,445.1529877,582.8940856,520,360.3253645,,310,,6370,3600,3060,,,9380,950,1870,13860,,340,,,520,3070,2850,,1738.640623,550,,,,2500,1859.145048,240.7806322,,22870,410,506.1758849,706.6066396,390,798.3257896,,15520,,5220,,770,,,400,,,2080,,730.6563983,,200,4000,40,,,1350,,,610,1250,150,1860,18419.71169,1340,6170,250,790,750,11690,17550,170,,7860,10402.26625,5930,,360,2910,840,620,,640,,553.5137394,4750,,3080,,,1408.548407,11609.11335,10250,,,,290,308.4952764,9140,540,640,7330,580,170,760,,130,,547.6895495,,547.9954528,,,2460,,,15330,,,2740,,,210,372.2996328,,250,830,,,1808.551471,,,770,308.4952764,547.9954528,5090,1140,1450,,,250,,936.028194,1780,19110,,1450,3610,,,,980,2846.787403,500,,,1990,250,690
1987,,561.4683056,,614.8552077,670,730,,2733.452855,,3590,,,4880,12550,13810,,260,13090,310,270,280,2720,7700,10800,,,1610,,720,2030,6690,,470,1340,420,,,,,1660,320,810,1110,,1050,1240,780,650,1600,2578.844502,2490,,,6300,,14240,,2170,17760,940,2810,384.4758218,828.2636741,1938.998918,,6733.432426,1640,870,11815.78544,,7110,,280,9659.083154,932.6018154,16480,1770,14460,,,3430,12710,,420,,,320,170,210,,2200,11470,1020,,460,13899.06733,9080,1410,413.6394143,,340,,866.8437704,788.7177943,472.5571888,572.3436768,510,417.3447917,,350,,8220,3470,3540,,,12160,1170,2100,18180,,370,,,550,3690,3530,,1895.542979,430,,,,2830,2003.627389,278.9986256,,31170,430,534.479937,763.3217417,420,875.9851587,,19980,,6510,,860,,,370,,,2040,,787.2026592,,240,4930,40,,,1520,,,670,1620,150,1960,20615.63533,1600,8070,270,710,860,14720,20830,180,,10010,12464.71239,5390,,370,3260,950,690,,690,,592.4238117,5350,,4160,,,1399.204853,13982.54767,13000,,,,320,343.5478911,7700,790,830,8080,590,180,820,,150,,585.2648299,,585.6388419,,,2520,,,19360,,,3200,,,210,388.981831,,310,950,,,1949.278199,,,870,343.5478911,585.6388419,4280,1270,1740,,,310,,1023.959037,2210,21390,,1660,3350,,,,890,3324.125839,530,,,2210,260,700
1988,10360,634.5035514,,630.1426696,650,730,,2775.722642,,3960,,,6040,14120,18070,,250,17010,360,330,290,3110,7800,11710,,,1870,,710,2310,7430,,520,1980,490,,,,,1930,330,910,1180,,930,1300,960,840,1650,2793.643546,2780,,,7910,,18620,,2560,22130,920,2750,404.2418838,856.2270829,2476.055904,,8630.997815,1510,840,15367.1595,,9410,,270,12519.54685,949.6783169,21540,1790,18520,,,4150,16160,,440,,400,300,180,250,,2490,15170,980,,470,16926.1052,10770,1410,436.2828954,,380,,919.0187027,833.6852359,490.4798636,584.0068015,510,440.4490277,,390,,10420,2970,3730,,,15950,1480,2160,24920,,410,,,640,4390,4520,,2036.481915,250,,,,3330,2149.091477,294.8768423,,41490,460,549.1711383,807.192508,500,962.4629974,,25870,,7490,,1080,,,340,,,2090,,832.7721043,,290,6260,40,,,1690,,,740,2060,160,2140,22630.71459,1690,13270,330,680,680,18570,23970,200,,12550,15140.9812,5210,,400,2750,790,750,,790,,611.9455728,5860,,5630,,,1436.572717,17068.09909,15360,,,,350,381.4905657,7630,780,950,9320,600,170,860,,150,,634.9688394,,635.4376365,,,2980,,,24190,,,3970,,,270,408.9625772,,390,1160,,,2087.215733,,,1070,381.4905657,635.4376365,3930,1330,1860,,,400,,1106.156571,2600,23490,,1950,3400,,,,990,3926.631268,550,,,2670,330,810
1989,11760,657.5589621,,563.5661029,860,760,,2640.842611,,2930,,,6450,15590,19300,,230,18030,340,330,300,2830,7660,12440,,,2080,,720,2490,7860,12090,550,2320,490,,,,,2200,320,830,1080,,940,1250,930,900,1660,2831.830264,2750,,,8570,,19760,,2600,23050,910,2550,406.2879527,824.8944093,2654.487778,,9222.405493,1360,780,16472.54245,,10700,,260,13414.34721,842.2507842,24110,1790,19490,,,4580,17380,,400,,390,300,210,230,,2670,16970,980,,360,17823.92507,11550,1270,413.2672574,,370,,913.0046146,822.9093643,461.528754,533.8095293,530,426.0464169,,390,,11100,2530,3730,,,17300,1690,1560,27010,,400,,,670,4660,5380,,2066.822662,210,,,,3570,2149.744773,297.3092146,,43620,440,527.4118015,799.9818544,520,995.3752872,,28540,,8080,,1110,,,300,,,2370,,826.2804225,,290,6910,40,,,1590,,,760,2220,160,2260,22875.59775,1850,14540,320,550,360,19540,25080,210,,13570,15930.58204,5660,,400,2560,790,800,,800,,578.3540522,6050,,6320,,,1449.422021,17978.9489,14940,,,,350,378.8994634,7080,720,940,10320,590,210,860,,150,,621.1559848,,621.6983149,,,2230,,,26090,,,4540,,,270,411.0206235,,400,1320,,,2086.629789,,,1160,378.8994634,621.6983149,3630,1290,1920,,,400,1620,1122.481667,2730,23770,,2030,2560,,,210,1110,4062.74281,580,,,2830,400,840
1990,12230,638.9663006,,556.0650019,780,650,,3004.2466,,3190,,,6820,17330,20630,,220,19310,370,330,320,2250,9070,11870,,,2260,,720,2350,7600,12460,560,2720,480,,,,,2350,330,780,970,,930,1330,980,900,1750,2827.079893,2650,,,9300,,21300,,2810,24370,870,2370,421.8491126,861.1104661,2757.144686,,9910.029778,1370,760,17757.87833,,12210,,260,14446.75971,1025.48877,26000,1790,20640,,,4820,18570,,400,,410,310,220,260,,2840,15690,930,,400,18633.51969,12660,1110,384.6270024,,420,,956.97724,855.5791007,448.9065399,524.7666611,560,410.0390085,,380,,12560,2540,7070,,,18660,1770,1270,27820,,370,,,720,5220,6450,,2123.128465,190,1310,,,3730,2209.783591,286.7579034,,45470,460,522.380953,830.2676891,550,1004.406932,,31330,,8980,,1160,,,310,,,2790,,860.4715938,,290,7600,40,,,1430,,,730,2430,180,2400,23149.45515,1990,14760,340,560,310,20320,26500,210,,13640,16665.14752,5710,,400,2640,840,830,,740,,703.7766799,5950,,7130,,,1477.577323,18789.4905,15270,,,,350,375.4332216,7390,530,920,11450,630,190,900,,130,,607.0195514,,607.6200258,,,1420,,,27760,1290,,5030,,,270,426.7567987,,400,1490,,,2152.868136,,,1220,375.4332216,607.6200258,3710,1410,2310,,200,320,1610,1210.65598,2840,24060,,2150,2670,,,130,1240,4209.983513,570,,,2860,430,860
1991,13190,662.7312227,,541.6150776,1380,410,,2192.530315,,3860,,,7230,18220,21810,,220,20580,380,360,320,1620,9800,11330,,,2420,,740,2390,7570,13580,480,3070,480,,,,,2600,350,760,900,,960,1380,950,910,1950,2817.759153,2340,,,9460,,22890,,2960,25540,1040,1980,451.9574997,902.1670803,2866.649723,2554.800579,10588.12075,1480,750,18996.89515,,13700,,250,15443.71793,595.4113605,25100,1790,21420,,,5170,19390,,410,,420,400,240,270,,3040,16510,970,,330,19380.69334,14320,940,367.3039886,,450,,969.1386202,861.8663511,435.05461,507.2289204,610,398.3823295,,350,,13130,,70,,,20370,1730,1090,28580,,350,,,960,5260,7570,,2314.197625,210,1700,,,3850,2397.186991,296.5270881,,47570,490,523.6627762,833.743296,580,1061.981736,,35170,,9990,,1240,,,280,,,3250,,865.7276646,,320,7940,40,,,1200,,,810,2620,210,2560,23355.70249,2150,15200,360,510,220,21280,27820,210,,12160,17317.19859,6040,,400,2730,1220,830,,790,,391.5754932,6300,,8180,,,1482.225947,19555.84072,16030,,,3440,320,347.96957,8310,450,930,12970,660,170,930,,,,615.4449307,,616.0586883,,,1140,,,29110,1350,,5200,,,290,457.217566,2542.868233,400,1660,,,2351.887079,,,1350,347.96957,616.0586883,3890,1460,2590,,190,250,2280,1222.782343,3180,24270,,2200,2690,,,110,1120,4328.60752,540,,,3000,390,850
1992,13990,664.10546,,552.7062132,1170,280,,2236.744154,,6070,310,,7470,18540,24520,,210,23170,370,370,330,1430,9890,11550,,6260,2680,,770,2340,7460,15160,450,3270,470,,2240.138113,,,3120,390,780,930,,1060,1560,1100,1040,2350,2919.37419,2130,,,11020,3360,25810,,3200,28700,1360,1900,501.7708859,997.4929491,3068.279486,2407.011388,11663.00199,1600,750,21316.63745,,15610,,220,17322.49854,591.1664217,24170,1990,23840,,,5120,21480,2260,430,,460,520,240,380,,3140,17440,1030,,390,21079.90628,16560,930,358.540075,,390,,1025.271149,906.2766561,433.686149,512.0824323,660,392.4669889,,340,,14440,,50,,,22960,1610,1240,30540,,330,520,,1030,5710,8310,,2621.272754,250,1920,,,4400,2708.779569,284.8292753,489.5648061,54350,550,525.9030194,873.6378429,650,1085.272044,,38990,,12570,,1270,,,290,,,3770,,909.5227115,1750,330,8720,50,,,810,,,920,2990,200,2880,24713.56747,2300,16070,420,510,240,23520,30780,200,,12050,18794.85551,6510,,430,3010,1420,880,,840,2080,377.3273003,6760,,9860,,,1644.099818,21210.85992,17260,,1250,3090,340,349.6992977,8500,340,980,15270,800,130,1060,,,,620.6960206,,621.4014106,,,1040,,,31340,1570,,6000,,,330,507.6228035,2396.787876,420,1880,280,,2675.053072,,1222.980679,1450,349.6992977,621.4014106,4420,1680,2940,,180,190,2090,1312.802783,3830,25680,600,2480,2870,,,130,1150,4646.048071,,,510,3250,360,700
1993,14620,679.3954659,,471.9322084,,320,,2139.62043,,7120,360,,7960,18900,24870,,180,23410,380,360,320,1250,10030,11310,,,2790,,790,2310,7690,15030,420,3330,450,,2442.072307,,,3440,420,750,950,,910,1740,1080,1190,2740,2966.657771,1870,,,10970,3500,25990,,3410,28570,1620,1730,545.0366067,1056.352606,3317.739682,2303.837579,11469.02341,1670,760,20989.47484,,15010,,210,17057.40272,534.298146,20680,2090,23580,,2120,4430,21360,1610,420,,490,710,230,370,,3120,16600,1140,,460,21588.58522,19560,950,345.9287797,,310,3660,1068.836248,935.2539717,403.78075,458.0059368,740,379.5142933,,320,,14600,,40,,,21590,1840,1280,33350,1430,270,450,,1020,6190,9010,,2875.876498,280,2220,,,4420,2953.63228,275.0256565,460.8124182,56680,600,507.8807968,897.5390221,660,1110.859253,,40050,,14310,,1230,,,290,,,4490,,936.4389953,1460,320,8570,60,,,510,,210,970,3120,220,3230,25400.25387,2200,15880,390,360,290,24040,30210,190,,12360,19269.96824,6280,,440,3240,1550,930,,980,2480,325.3564226,7100,,10100,,,1718.891298,21700.91669,17400,,1190,2920,310,335.4132921,8050,310,930,17710,860,160,1170,,,,595.4816319,,596.2404504,,,970,,,28200,1580,,6390,,,240,551.4095042,2343.978764,330,2130,240,840,2930.910453,,1182.048908,1530,335.4132921,596.2404504,4080,1660,3140,,170,180,1820,1389.547701,4350,26390,590,2710,2850,,,160,1150,4730.700047,,,460,3490,380,640
1994,15640,691.5525941,,416.3005397,330,380,,2131.654529,,7620,400,,8450,18860,26140,80,160,25090,330,280,320,1240,9680,11600,,5210,2780,,810,2670,8010,15090,450,2960,370,,2718.025763,,,3730,470,680,850,160,760,2050,870,1300,2980,3003.834518,2140,,,11680,4170,27530,,3490,30360,1750,1620,612.0137382,1113.951019,3654.223661,1973.443803,11610.80016,1820,820,21525.75209,270,14470,,160,17532.60376,495.9063332,20170,2230,24380,,2130,4130,21890,760,370,,500,690,220,270,,3210,17830,1230,,570,22740.42107,21820,880,310.3369732,,260,4030,1128.859601,978.1200774,379.0221667,436.3671729,850,351.6111133,,340,,15480,,60,,,20860,1880,1340,37120,1310,260,370,,1050,6710,10090,,3279.49791,310,2610,,,4510,3330.335325,253.8334094,401.1034156,62010,640,507.057327,938.2898233,680,1185.022922,,41330,,16030,,1350,,,290,,,5310,,982.4152955,1400,280,8600,70,,,430,,190,870,3230,160,3600,26624.42665,2270,16320,300,310,450,25370,30850,200,,13400,20291.96492,6160,,440,3410,1760,1050,,1030,2760,293.2733863,7370,,10450,,,1851.702689,22835.87965,17470,,1270,2650,150,349.2870977,7720,320,770,20780,1000,160,1290,,,,579.3709345,,580.1526264,,,1100,,,27690,1570,,6530,,,220,619.1824657,2071.841311,310,2400,220,530,3310.119549,,1223.519646,1820,349.2870977,580.1526264,3880,1710,2680,,160,180,990,1488.068912,5040,27650,570,2660,2740,,,190,1210,4944.961302,,,380,3740,350,630
1995,16230,736.4102089,,407.9330655,440,640,,2184.601361,,7360,470,,8140,19290,28190,180,150,27070,360,250,340,1520,10380,14260,,2190,2860,,850,3430,8340,15680,460,3260,350,,3176.012831,46740,,4420,540,700,830,150,480,2350,850,1410,3180,3368.498563,2550,,,12810,5150,29520,,3720,32560,1960,1550,704.2170609,1140.080598,4133.320279,1931.854292,12040.89126,1970,920,22654.46458,270,14830,,150,18514.3672,519.5339121,22030,2460,25740,,2200,3910,21070,550,370,,500,690,220,250,,3310,19470,1360,,670,24280.41157,23570,900,315.3783819,,310,4250,1214.753295,1047.520953,389.0075979,444.9359351,990,362.9559324,,370,,16920,1290,130,,,20670,2290,1420,42550,1280,270,360,250,1150,7310,11820,20520,3497.161725,350,3160,,,4650,3570.821452,264.1481433,402.1343263,70050,690,543.4861153,1001.212116,690,1349.782627,,45760,,17430,,1300,,,280,,2477.29326,4790,3070,1050.09566,1790,270,9250,90,1270.962093,,460,,190,900,3470,160,4050,27959.60761,2460,17720,260,310,610,27690,32690,200,,15280,21608.79042,6270,,470,3410,1950,1160,,950,3250,302.3730869,7820,,11210,1680,,2046.742048,24402.84906,17920,,1490,2640,210,374.6799004,7810,400,740,23630,1200,180,1480,,,,602.784801,,603.5443412,,,1320,4220,,28070,1820,,6460,,,210,712.4707715,2080.018205,300,2740,210,620,3542.882586,,1270.131042,2090,374.6799004,603.5443412,3970,1790,2850,,170,230,920,1593.752843,5530,29040,580,2890,3040,,,250,1240,5251.954134,,,320,4010,380,620
1996,16370,747.4910208,,427.1004089,320,890,,2314.726164,,7740,520,,8700,20480,30090,240,140,28550,350,250,370,1590,10790,15930,760,1520,2880,,900,4350,8700,16210,510,3180,300,,3629.765013,49730,,5070,650,540,740,130,470,2540,780,1350,3240,3666.297051,2710,,,13880,5980,30860,,3890,34770,2170,1520,819.7471627,1194.900189,4364.223013,1924.0284,12752.94291,2080,1020,23912.44848,300,15560,,150,19634.067,563.6970799,24970,2660,27110,,2140,4100,22790,670,380,,510,700,240,360,,3500,20780,1440,,830,25503.65033,24140,870,315.0067418,,360,4370,1340.498687,1150.792391,410.9257971,481.7919045,1090,375.3134237,,400,,18880,1600,390,,,21830,2520,1430,43940,1340,340,390,320,1090,7690,13320,20870,3880.560888,380,3720,,,4850,3948.854558,273.4526501,404.7090743,78570,740,594.2279508,1098.163682,700,1555.408616,,48560,,17490,,1510,,,300,,2709.208641,4620,2690,1154.039451,2190,270,10010,120,1456.699955,,550,,210,970,3780,170,4500,29149.24781,2510,18240,240,390,880,29750,35790,210,,16730,22639.75203,6470,,480,3570,2150,1320,,930,3840,326.7880634,8130,,12100,1840,1470,2180.885782,25624.80529,17780,,1640,2600,220,406.156498,8030,400,700,25620,1320,210,1590,,,,617.0758553,,617.860128,,,1630,5020,,30400,1930,,6740,,,200,829.3469693,2129.195151,310,2950,170,610,3924.997037,,1456.10301,2370,406.156498,617.860128,4230,1970,2920,,190,280,860,1759.843335,6160,30270,600,3000,3100,,,300,1330,5520.991422,,,300,4050,400,690
1997,17220,750.4932695,,465.5820776,450,800,,2423.569168,,8150,560,,9080,21930,29560,410,150,28450,380,250,400,1460,10310,15180,1010,1520,2890,,950,5020,9050,16220,550,3330,300,,3828.067003,49340,,5590,750,670,760,120,590,2660,790,1350,3350,3834.139238,2500,,,14280,6160,30140,,4010,35150,2360,1510,888.2821271,1232.881661,4231.391156,1992.973475,13010.12266,2180,1130,23860.48379,320,15820,,140,19673.5729,628.6658805,26680,2580,26930,,1930,4270,25570,820,390,,510,690,240,870,,3660,20540,1530,,890,25626.77318,26080,910,328.0819446,5570,390,4400,1433.989819,1227.200552,429.7252917,501.3691639,1100,394.1015571,17050,410,,20650,1790,750,28480,18960,22300,2770,1450,40760,1390,390,390,320,1340,8080,13550,21480,4191.732824,370,4000,,,4760,4271.907433,288.2490334,415.1109618,80150,800,617.0524728,1167.73892,690,1703.047003,2600,49360,2720,17330,,1460,,630,300,1760,2880.326741,4660,2590,1228.683675,2220,280,10530,130,1583.786274,,580,,250,870,3900,200,4620,30110.34445,2500,17810,240,440,880,29800,37910,220,,17160,22713.20405,6810,,470,3610,2280,1390,,850,4240,370.8227715,8510,,12370,1840,1630,2135.496936,25735.47881,17250,,1590,2650,260,414.1441477,8230,380,710,27730,1310,200,1690,,,2990,634.2745163,,635.1209485,,,1840,5420,11240,31390,1960,,7330,,,210,898.6626174,2230.304607,350,2680,170,550,4259.555923,,1582.645215,2340,414.1441477,635.1209485,4500,2120,3190,,220,300,890,1896.24493,6970,31260,610,3070,3470,,,330,1390,5569.112197,,,330,3990,400,700
1998,17620,693.2641944,,463.5781331,410,860,,2438.872773,,8030,590,,9270,21780,27970,510,150,26530,370,250,420,1440,10070,16810,1330,1560,2780,,990,4840,9420,14420,530,3210,280,,3868.297722,46200,,5490,800,760,740,120,580,2570,730,1330,3400,4025.713431,2240,,,15490,6110,27950,,4200,33460,2450,1540,832.3306271,1198.824436,3701.875846,1839.531459,12611.83806,2160,1210,22815.47988,330,15440,,130,18888.75708,630.3147516,25820,2290,25830,,1950,3940,26900,870,390,,470,660,160,700,,3990,20440,1610,,880,24641.30206,25110,910,326.556632,5470,400,4410,1389.833476,1189.02282,425.8907917,488.5953734,660,396.1768778,18800,410,,21430,1780,920,29270,18770,22220,2890,1480,35010,1390,430,360,290,1470,7830,10330,19680,4170.618429,310,4250,,,4930,4251.665407,286.9288204,403.5688205,77660,820,578.6481841,1128.49898,620,1650.59184,2860,46350,2870,15700,,1460,,580,300,1860,2897.334188,5000,2690,1188.250138,2010,280,10260,120,1637.731812,,520,,290,830,3780,200,3640,30855.6522,2370,14520,250,440,880,28260,36100,210,,15790,21888.91741,6530,,450,3680,2150,1310,,720,4360,379.5937419,8690,,12190,1730,1780,1983.872956,24750.40891,16660,,1580,2130,260,415.4534237,8010,340,690,24010,1230,170,1750,,,2990,599.3072528,,600.1509648,,,2050,5430,11000,31110,1740,,7320,,,220,842.0321076,2101.714713,330,2080,180,560,4241.910498,,1635.295693,2240,415.4534237,600.1509648,4620,2150,3440,,270,290,850,1859.319105,7240,32020,620,3190,3420,,,340,1450,5328.886999,,,370,3590,360,620
1999,17880,672.0840018,,465.941051,330,950,,2455.149369,,7580,610,,9610,21440,27080,600,140,25980,410,270,420,1480,9870,24150,1400,1410,2880,,980,4120,9820,14040,560,3150,280,21210,3914.318373,44280,,5120,860,730,730,110,490,2330,700,1370,3460,4537.009247,2400,,,14340,6110,26840,,4200,33060,2540,1530,854.7138774,1211.559064,3661.280529,1706.820939,12482.52282,1780,1310,22410.95779,310,15480,,120,18608.84009,664.3317197,26040,2350,25420,,2050,3280,28060,840,390,,450,640,160,820,,4310,19740,1650,,860,24922.39022,25800,930,328.6374575,5230,450,4490,1366.897061,1169.323633,429.8095355,491.938391,570,400.5715156,21310,440,,22690,1740,1290,30400,18480,21990,3120,1530,34320,1290,430,300,300,1300,8280,10430,16870,3946.69527,290,4490,,,5150,4055.495933,288.8466856,398.4266296,78660,840,581.5929714,1109.40706,610,1587.852381,2980,46520,2990,14640,,1410,,510,280,1980,2895.707419,5510,2830,1169.077416,1910,290,10710,120,1693.273871,,480,,330,820,3660,180,3380,32453.79747,2240,13650,240,460,930,28670,35540,220,,15040,22163.03146,6370,,440,3750,2030,1250,,630,4440,398.5687593,9590,,12260,1600,1800,1987.713188,25072.43927,16170,,1610,1750,280,435.8302326,7650,330,690,23360,1160,150,1810,,,2610,587.6007657,,588.4371794,,,1950,5380,11320,31300,1730,,7290,,,200,864.6549983,1986.606315,310,1980,180,620,4024.73477,,1691.142844,2170,435.8302326,588.4371794,4890,2260,3590,,330,290,760,1821.356831,7260,33670,650,3310,3570,,,350,1430,5333.583867,,,380,3480,350,570
2000,20000,666.8701465,,456.0751822,360,1100,,2614.494074,31400,7470,660,,10100,21130,26790,630,130,25860,480,270,440,1660,10940,26360,1540,1380,3150,,980,3930,10780,14680,700,3170,260,22620,4088.895509,44680,42510,5060,940,650,700,130,570,2340,730,1410,3570,4871.156171,2620,,,14180,6340,26150,,4220,32580,2680,1590,909.845566,1274.103666,3869.857316,1791.182015,12569.97289,1550,1420,22187.40899,300,15770,4170,130,18511.08262,718.7682248,26450,2230,24970,,2210,3100,29280,790,340,,400,620,210,770,,4610,20290,1670,,890,25964.27972,26930,1020,330.8354761,5260,550,4620,1417.635631,1209.415503,439.6816077,504.2535106,580,409.0785435,21880,440,,24110,1760,1600,31540,19360,21890,3240,1670,36810,1270,410,280,300,1330,9120,11030,17980,4016.969567,280,4600,,,5250,4151.557585,299.5078655,403.3821204,78870,870,588.3349665,1146.729467,580,1632.059853,3210,45650,3320,14720,,1390,,490,290,2070,3061.306157,6210,2960,1209.852322,1920,280,11400,130,1773.821913,,470,,320,730,3900,160,3460,34661.7517,2240,13210,220,470,960,28810,36540,230,,14080,23130.60936,7070,,480,3880,1970,1180,,570,4670,415.3440823,10550,,12170,1440,1550,1892.020391,26134.20589,15770,,1710,1710,280,445.1181333,8150,340,670,23680,980,140,1900,,,1610,580.4805318,,581.302887,,,1970,5530,11270,31610,1670,,7290,4070,,180,920.4139184,2080.886341,310,1980,170,600,4109.390576,,1775.936869,2080,445.1181333,581.302887,5400,2270,4320,,410,270,680,1906.163485,7060,35960,630,3470,4120,,,380,1430,5520.322295,,,430,3420,330,510
2001,19170,639.798492,,480.2458283,390,1280,,2726.045211,31970,7000,710,,9850,20160,25290,680,130,24430,530,280,440,1770,11500,26560,1620,1300,3130,,950,3350,10630,16070,750,3260,260,23030,4169.437927,42110,41460,4800,1010,600,670,140,630,2330,700,1350,3670,4987.988631,2760,,,14170,6350,24740,,4470,31410,2740,1670,980.9378032,1292.611896,3956.67505,1710.865351,12156.47848,1550,1430,21264.20125,310,15520,4310,130,17816.4322,776.1336067,25810,2140,23840,,2260,3430,28940,780,300,,360,560,250,900,,4510,19390,1600,,880,25945.89671,26350,1040,329.518427,5350,640,4790,1428.163239,1218.750005,454.7882034,528.9824697,720,419.2998254,22480,450,,24050,1790,1730,30700,19310,21170,3240,1740,37380,1360,400,280,310,1340,9440,11950,18660,3872.72663,310,4460,,,4990,4035.357732,306.33605,421.9648155,68260,830,611.0802857,1155.268818,640,1642.945848,3450,44950,3600,15760,,1400,,500,300,2240,3166.176811,6740,3110,1218.67838,1820,300,10950,140,1826.891349,,480,,320,650,3970,140,3550,35384.66795,2090,,220,530,970,27390,38220,240,,13810,23100.49591,7830,,510,3830,1900,1170,,510,4710,436.0934152,10950,,11830,1410,1370,1827.905434,26148.93578,,,1760,1780,270,454.6641788,8520,370,650,22130,920,150,1950,,,1540,574.1099406,,574.9153227,,,1670,5720,10950,29720,1700,,7310,4380,,190,992.326434,2011.49848,290,1960,160,650,3984.136488,,1831.724073,2030,454.6641788,574.9153227,6070,2240,3580,2710,410,250,720,1905.506919,6500,36720,560,3650,4600,,,400,1370,5498.241909,,,480,3190,350,540
2002,17890,624.4886387,,525.0268915,590,1370,,2689.050682,30940,4040,800,,9660,20030,24970,740,130,24000,530,270,440,1970,12060,27190,1750,1380,3200,,920,3100,10650,17140,810,2930,250,23610,4428.783622,40760,40720,4540,1110,570,670,190,670,2370,680,1300,3770,5193.794467,2820,,,14510,6650,23610,,4270,30850,2890,1730,1061.687312,1261.165775,3909.510262,1869.923733,12081.73494,1730,1330,20722.6226,300,15590,4620,120,17479.88531,771.0248228,25550,2160,23090,,2270,3610,29180,840,270,,350,440,300,1270,,4650,18760,1600,,890,25764.26455,25270,1060,335.9291194,5660,720,5290,1446.187175,1234.804093,473.9486676,562.8831527,790,430.9634503,23780,460,,24850,1880,1420,30930,18540,20710,3260,1780,35360,1530,380,290,320,1250,9370,12850,18930,3642.245903,320,4200,250,5170,5010,3784.228063,318.0254894,444.4516306,65050,840,626.3233624,1174.810371,590,1720.042338,3820,42400,3940,16290,,1370,,590,280,2620,3133.306001,7100,3100,1239.168728,1850,290,10710,130,1809.879276,1970,530,,290,650,3960,170,3790,35968.91013,2010,,220,630,960,27020,39890,240,,14170,22958.8065,8000,4213.377188,530,3940,1960,1130,9200,480,4900,457.649741,11250,,11750,1330,1190,1791.21683,25994.4785,,28400,1950,2100,260,461.4236119,8370,430,620,22000,830,200,2000,,,1520,583.1306536,,583.8825004,4271.290502,,1930,6020,10920,29090,1570,,6850,4680,,200,1074.014884,2174.899088,300,1990,170,750,3722.530916,750,1816.531606,2000,461.4236119,583.8825004,6760,2180,3590,3310,420,250,790,1938.370215,5140,37310,450,3950,3990,,,420,1230,5454.419028,1520,,520,2990,360,490
2003,20070,674.6233604,,587.682867,710,1650,,2869.313152,32780,3650,960,,10530,21170,28020,840,120,27030,600,320,460,2370,12940,27770,2030,1630,3420,,910,2990,11300,17800,910,3370,260,25860,5187.566904,46780,43340,4510,1280,630,790,170,700,2370,790,1520,4030,5657.494966,3100,,,16710,8110,26080,,4680,34750,2640,1930,1206.571694,1340.753057,4092.383295,2209.114398,13653.15534,2110,1240,23314.53772,300,18030,5730,110,19733.79019,763.8331377,28720,2410,25930,,2380,3880,32270,990,320,,340,390,330,1190,,5290,20440,1670,,940,27755.7327,26340,1120,361.4853421,6730,660,6630,1570.199544,1337.602059,511.2635247,607.941275,900,464.5776438,27790,520,,29910,2200,850,33710,18650,23350,3440,1900,35660,1810,400,340,350,1310,9270,13790,22600,3651.516591,340,3790,180,5160,5370,3772.93869,341.6338715,481.5199393,68450,940,691.4408807,1277.298566,670,1915.183353,4700,45930,4670,17840,,1540,,710,340,3400,3358.50824,7360,3130,1348.598455,2110,350,12170,150,1891.385636,2440,610,,320,710,4410,220,4160,38420.67399,2280,,250,710,1000,30950,44750,260,,16960,24693.55094,8290,4713.563825,570,4040,2080,1170,8810,470,5500,475.2097544,12170,,13260,1230,1370,1921.916894,28036.57748,,30680,2250,2590,250,513.9346402,9480,520,730,23440,860,270,2130,,,2390,638.269771,,639.061777,4738.314418,600,2200,6960,12630,32750,1700,,7490,5150,,210,1220.568609,2544.076248,350,2180,210,990,3697.709621,670,1897.020329,2000,513.9346402,639.061777,8070,2450,3950,2490,430,260,980,2105.333502,4250,39780,420,4380,3490,,,460,1360,5854.965938,1660,,550,3280,410,440
2004,22630,821.0649869,,714.611721,1010,2100,,3328.059794,36160,3370,1180,,11450,25570,33750,960,120,32810,730,390,510,3060,14570,29270,2700,2170,3560,,950,3350,12290,19990,1030,3920,300,29900,6380.121912,55200,50340,5190,1510,770,990,190,770,2620,950,1900,4380,6289.929926,3490,,,20260,10260,31570,,4950,42640,2560,2250,1418.98868,1522.507601,4602.651516,2906.960197,16600.9299,2550,1200,28299.16439,340,22070,7500,140,23995.02562,905.717219,35270,3020,31360,,2440,4310,37860,1210,380,,370,470,380,1720,,5350,25730,1850,,1030,31653.35492,28120,1200,415.4065844,8590,650,8650,1829.161968,1554.138784,589.8003886,718.3752738,1080,527.1500778,34170,610,,37720,2520,1370,42020,20010,28270,3650,2160,39000,2300,450,400,400,1480,10390,16200,28510,3928.486695,390,4730,210,5140,6000,4092.309496,392.4227546,550.2819857,78700,1060,802.1216941,1485.159485,810,2273.34646,6010,62490,5830,22220,,1830,,910,340,3770,3856.860509,7820,3280,1570.264541,2590,400,14100,170,2145.051088,3100,760,,360,800,5170,300,4740,42193.45011,2900,,280,870,1080,37280,54140,280,,21500,28139.67675,9410,5714.585516,660,4460,2280,1290,9420,540,6250,585.9509407,14260,,16140,1350,1640,2255.521689,32007.63154,,36160,2960,3410,270,599.6635202,11040,620,870,26150,900,280,2270,,,3250,776.5534428,,777.5069115,5615.295182,700,2820,9030,15610,39790,2160,,9280,5830,,340,1435.4387,3258.165648,390,2530,270,1310,4001.334696,780,2150.545866,2160,599.6635202,777.5069115,9700,2900,5270,3240,470,280,1270,2463.002124,4130,43520,460,4730,4110,,,530,1590,6672.135502,1990,,610,4180,460,450
2005,19200,1027.768458,,844.7126323,1370,2620,,3790.781428,37500,4260,1540,,12420,30390,38720,1290,140,37730,820,460,550,3800,16550,30570,3060,2820,3620,,1020,4000,13240,23090,1200,4930,340,34810,7740.657351,63080,56280,6210,1760,930,1100,200,1120,3000,1090,2160,4640,6845.223454,3960,,,23990,12480,35710,,5050,49610,3040,2710,1633.914787,1741.86174,5040.208043,3745.930572,19240.97223,2880,1220,32411.64473,390,25870,9730,160,27607.24746,1049.953542,40170,3570,35870,,2560,5520,42810,1520,460,,360,520,430,3890,,6650,30920,2000,,1090,34844.44819,28890,1280,469.8997491,10250,690,10390,2137.69468,1808.230944,667.7694487,828.1861363,1220,589.1733799,39600,710,,44570,2960,1430,50520,21500,32430,3800,2340,41280,2930,510,450,460,1700,11640,18520,35220,4377.796281,460,4890,250,6860,6230,4581.623881,445.8572764,616.4515255,92710,1210,917.4184957,1726.299786,1020,2688.240223,7560,73070,7390,23950,,2070,,1120,340,3460,4382.409356,8050,3440,1828.826176,3020,460,15660,200,2420.269776,3660,900,,400,940,5600,300,5270,45073.87517,3530,,330,1030,1160,42050,63830,310,,25440,30975.76301,10690,6865.725489,740,4790,2540,1380,10350,650,7340,677.7686286,14750,,18580,1520,1780,2577.389689,35243.03182,,38260,3880,4450,320,688.3237958,12650,760,990,28820,980,290,2420,,,3830,951.8786389,,952.9960344,6585.328135,820,3320,11350,18310,45770,3080,,11140,6400,,470,1652.833485,4126.572514,400,2790,380,1590,4490.938566,930,2427.283365,2410,688.3237958,952.9960344,11190,3160,6820,3630,500,310,1540,2897.781178,4720,46180,530,4960,4980,,,630,1780,7391.728076,2320,,700,5610,560,460
2006,23340,1156.459944,,1032.373202,1810,3050,,4374.378847,39380,5480,2020,,13810,34150,41460,1920,150,39900,860,490,570,4300,17890,30760,3410,3510,3740,,1110,4850,14220,27580,1330,5440,350,38510,8870.399672,65590,60750,7340,2060,940,1160,230,1600,3500,1130,2300,5060,7585.6137,4530,,,25600,14000,38230,,5490,53540,3640,3110,1891.272332,1954.775262,5325.675157,4645.924889,20856.38882,3100,1320,34555.55082,410,27820,11500,180,29605.30963,1261.39002,42800,3590,37850,,2560,5740,45160,1910,600,,400,640,440,8110,24550,6430,30240,2150,,1470,36553.95384,30290,1350,520.1325229,11410,790,11250,2487.512421,2096.736017,761.7212735,985.1937269,1380,651.0478971,44420,790,,47900,3480,1820,53450,22370,34250,4080,2510,40590,3860,580,500,520,1710,12440,20800,42300,5032.67112,510,4860,290,8600,7260,5275.776515,497.5005993,693.5258329,104050,1360,1038.45106,2000.710396,1130,3188.090805,8800,71300,8930,26190,,2240,,1280,330,4540,5015.376544,8690,3310,2123.334214,3350,500,16350,230,2756.547687,4320,1120,,420,1140,5930,310,5840,46945.47112,4030,,360,1350,1200,45910,70020,340,,26400,32493.2862,12660,8308.341702,800,5100,2810,1490,10830,790,8460,819.4627545,15030,,19390,1840,1710,2652.745218,36930.84302,,50810,4900,5810,360,762.1352639,14160,930,1030,32550,1040,300,2570,,,4200,1104.310493,,1105.561278,7793.69292,940,4040,12940,19820,49150,3300,,12580,7140,,530,1913.121967,5047.435343,410,3100,470,1890,5189.784203,1310,2768.180808,2720,762.1352639,1105.561278,13280,3330,7880,3780,520,350,1950,3407.475245,5390,47850,610,5470,6130,,,720,1990,7887.103333,2560,,810,6310,720,440
2007,21680,1267.682613,,1199.465861,2460,3460,,5021.808264,39590,6510,2760,,15090,37340,44510,2730,170,42700,920,510,610,4820,19660,31090,3920,4310,3670,,1220,6190,15530,30930,1640,5730,380,43090,10309.56302,64480,66220,8690,2510,970,1200,260,1700,4130,1170,2820,5680,8296.415602,5000,,,27340,15850,40440,,5760,55740,4430,3600,2269.618969,2209.416127,5692.249367,5776.036245,22579.20182,3300,1530,36716.64215,420,29740,13430,220,31659.66381,1500.939034,46160,3790,40130,,2570,6590,47650,2380,790,,470,700,470,11600,26350,6830,34800,2370,,2280,37975.2601,32070,1480,586.5394053,12760,900,11770,2955.945544,2477.387799,863.6567133,1127.551911,1600,732.6491792,47220,910,,50490,4270,2400,61880,24040,35900,4320,2730,39310,4980,700,610,590,1820,13050,23440,47580,5862.529023,620,5410,330,10400,7500,6155.484047,568.7314189,793.3963353,112190,1550,1206.459187,2363.214314,1300,3873.66773,10600,85660,11230,34150,,2380,,1440,380,4480,5768.407994,9250,3450,2512.75864,3620,530,17580,270,3223.127756,5120,1410,,460,1220,6490,330,6630,47993.84603,4230,,380,1610,1290,49110,78470,370,,28150,33752.00306,14560,9776.255407,860,5770,3210,1720,11780,1070,9940,972.0393066,15860,,20850,2320,1790,2809.40968,38305.68095,,58030,6390,7560,410,871.0119294,15800,1170,1100,36010,1120,360,2680,,,4830,1238.253193,,1239.429395,9025.353731,960,5050,14930,21790,52310,3480,,12280,7990,,630,2295.769205,6209.396486,420,3530,580,2320,6077.973248,1840,3239.17167,2900,871.0119294,1239.429395,15000,3540,8950,4500,540,390,2590,4073.389116,6390,48520,770,5910,7630,,,840,2100,8407.423636,2850,,890,6630,900,420
2008,25510,1353.583286,,1446.554278,3030,4040,,5882.161818,39910,7670,3600,,15250,42360,49110,3890,190,46470,1030,570,660,6070,20860,30960,4730,5470,3880,,1480,7620,16180,34150,1770,5740,420,45650,12408.18842,65260,,10050,3100,1090,1310,290,2140,4710,1290,3300,6410,9201.019888,5460,,,31970,18510,43570,,6340,60390,4760,4210,2765.028628,2473.826367,6199.253781,7072.24693,24591.08062,3850,1840,39532.63938,410,32190,15210,280,34396.58309,1815.838579,50070,3980,43460,,2590,7320,48690,2820,1150,,620,810,510,14250,28660,7260,,2610,,3850,39572.76033,33950,1620,687.4816684,14360,1010,13250,3493.074933,2917.709844,1003.163775,1318.973817,1940,846.01739,42870,1000,,50830,4970,3550,50060,26270,37910,4560,3110,39380,6110,820,760,670,1930,14850,23860,51710,6743.041169,750,6060,390,12200,8090,7096.57965,659.9749934,911.435969,121900,1790,1385.380415,2780.536973,1290,4697.649893,12680,85830,13530,33780,,2700,,1870,450,5420,6712.251776,9780,3280,2961.396007,4370,610,20410,350,3794.36502,6470,1800,,500,1380,7400,370,7510,48763.16799,4320,,440,1970,1390,52670,87470,430,,28630,35155.802,17430,11188.3622,920,6540,3790,2010,11800,1400,11980,1185.777884,16360,,22590,3080,2040,2978.29883,39857.07637,,65580,8800,9580,490,949.1916181,18460,1370,1240,37230,1230,420,2870,,,6030,1389.806436,,1390.842917,10263.02968,1020,6330,17250,24620,55720,3360,,11180,8970,,700,2796.776641,7572.180815,470,3970,750,3040,7030.964846,2980,3814.25007,3270,949.1916181,1390.842917,17350,3860,9850,4660,600,430,3210,4861.347831,7710,49090,980,6260,9400,,,980,2460,9004.979089,3060,,1010,6660,1180,330
2009,23770,1368.658946,450,1518.444238,3170,4280,,5999.434296,35000,7790,3340,,13600,44050,49000,4820,200,46840,1090,610,730,6680,18830,29010,4970,5660,4050,,1620,8320,15730,32460,1860,5330,480,43230,12766.45714,72470,,9950,3680,1190,1410,300,2480,5130,1370,3480,6540,8842.138594,5520,,,32780,18840,43520,,6520,60090,4920,4290,3211.990092,2564.314011,6545.356346,6982.424721,24356.49709,4060,2120,39638.5312,480,32460,14650,340,34522.28174,1973.134094,48800,3850,43930,,2820,7590,44420,2950,1190,,670,880,560,12530,29330,6720,,2650,,4190,38870.35227,32350,1660,741.1869512,14220,1160,13420,3759.161866,3133.122744,1077.441795,1382.270363,2150,926.3313062,45990,1120,,46660,5560,4160,41860,27400,37870,4330,3380,39230,6790,820,860,700,1900,14620,22040,45000,6878.665548,890,6870,430,12090,8020,7266.158626,719.2551883,997.4364839,116440,2010,1508.074203,2991.027618,1190,5131.412977,12460,70430,14120,36100,,2880,,1950,470,5460,6961.771415,8820,3470,3187.312104,4650,660,20310,460,4167.084403,6740,1790,,540,1450,7800,410,7600,47382.03288,4250,,480,2050,1380,53670,87830,480,,29690,34498.892,17740,11032.82389,950,6900,3970,2170,11090,1510,12500,1260.800756,16580,,22920,3450,2250,2945.341644,39208.71998,,61250,9220,9230,550,1053.015501,17900,1340,1330,37320,1310,440,2820,,,6450,1428.135664,,1429.044459,10083.92346,1060,6960,17100,24380,52640,3320,,10230,9940,,830,3248.744326,7533.98316,530,4140,800,3550,7204.608676,2330,4188.999908,3180,1053.015501,1429.044459,16200,4070,9640,4830,670,550,2840,5229.545812,8810,47830,1150,6320,10380,,,1110,2530,9036.109062,3030,,1100,6510,1280,480
2010,22380,1436.909102,510,1575.796473,3230,4360,,6275.787261,33400,9270,3470,,12690,46690,49610,5410,220,46950,1080,650,800,7010,18970,28370,4960,6150,3880,103480,1780,9650,15540,33300,2040,5610,510,44490,12816.27418,79850,,10750,4340,1230,1400,320,2750,5620,1380,3400,7260,8956.417816,5610,,70220,32040,19400,44550,,6730,61220,5330,4470,3750.490387,2794.90086,7358.374011,7477.140657,24562.57606,4400,2370,39767.34193,510,31880,14710,380,34716.41312,2128.283631,49600,3650,43850,,2900,7850,41940,3210,1240,,690,890,580,9970,27530,6940,,2730,,4510,39947.1079,33620,1730,772.4650248,14210,1130,13270,4198.301485,3478.949566,1147.546859,1461.950207,2530,991.5083194,71570,1220,,44720,6250,4580,36270,29770,37850,4390,3520,43910,7440,920,850,750,2050,14690,22290,42490,7627.653522,1000,7470,460,12380,8170,8049.575194,769.4900091,1055.559616,,2410,1654.459999,3329.793514,1270,5764.332581,12570,77410,12650,45260,,2930,,2380,470,5960,7405.118173,9040,3550,3556.740072,4740,700,21370,620,4522.580246,6920,2000,,520,1500,8080,450,8260,48687.29848,4500,,520,2150,1460,53910,88490,540,,29680,35440.21108,16080,11524.02302,970,7260,4410,2370,11400,1740,12740,1321.977749,16920,,22960,4070,2510,2943.98442,40338.39371,,63620,8640,9980,600,1147.126143,18750,1260,1330,44930,1470,420,2880,,,6220,1491.946773,,1492.848185,10478.77211,1130,7620,17500,24540,54630,3460,,10220,10800,,910,3793.282782,7997.845611,560,4580,920,4070,8005.238982,2850,4545.758983,3370,1147.126143,1492.848185,16460,4210,10490,4400,720,680,3030,5890.587848,10440,49140,1410,6090,11810,,,1250,2600,9470.278851,3230,3150,1200,6880,1340,700
2011,22450,1563.676371,530,1605.67305,3410,4410,,6229.713069,35030,10710,3530,,12370,50380,50590,5570,230,46400,1090,680,890,7260,18160,28030,5010,6340,4050,101610,2000,11080,15050,35520,2240,6610,530,47190,12937.86078,82280,,12190,5040,1110,1420,340,2710,6310,1410,3510,8090,8807.163771,5930,,71050,32550,19460,47220,,6920,61990,5540,4600,4331.598209,3000.836995,8162.330776,8112.179011,25038.61639,4880,2560,40301.54958,600,30950,15990,390,35199.94535,1958.789312,50150,3770,44350,,3070,8120,41300,3520,1380,,680,760,640,11540,24510,7060,,2910,,4820,41296.84403,35690,1860,798.3831524,14180,1240,13260,4674.930158,3828.922274,1120.49948,1540.611251,3010,909.9263556,74390,1360,,42130,6870,4960,37610,31760,37900,4590,3620,47470,8280,1000,880,810,2090,15450,23590,43790,8469.265093,1140,7560,520,4690,8820,8873.430859,819.6774953,826.5202337,,2850,1821.138744,3678.416511,1360,6494.866453,13320,79040,12740,54490,,3000,,2730,480,6590,7534.322674,9310,3570,3964.220945,4840,730,22120,800,4279.932059,7260,2590,,540,1600,8400,490,9050,50295.41868,5130,,520,2180,1570,54480,90330,630,,32230,36582.37341,18620,12474.83427,1030,8550,4970,2520,12270,1820,12890,1368.250227,17670,,22720,4480,2880,3104.648635,41688.30501,,66950,8650,11060,650,1277.129537,20880,1280,1300,48290,1620,430,3060,,,6190,1579.257717,810,1580.137147,11173.37417,1180,7920,17470,24580,56700,3860,,10570,5680,,890,4380.869459,8581.29671,610,4950,1020,4730,8840.713662,3730,4296.205137,3810,1277.129537,1580.137147,14970,4130,11310,4730,770,850,3150,6614.582703,12060,50630,1730,6130,11980,,,1370,2800,9941.134658,3510,3390,1080,7760,1420,1060
2012,23520,1669.134226,630,1774.034998,4170,4360,,6954.338947,39220,11870,3880,,12780,60260,50060,6480,250,47100,1120,730,970,7490,22010,28550,4990,6630,4100,100100,2250,12310,15720,42370,2390,7250,570,51080,13085.65746,87770,,14270,5910,1240,1420,380,3500,7290,1420,3440,9280,9483.192899,6280,,49570,29680,19440,46530,,6850,61650,5790,5200,5058.842975,3285.985486,9119.798294,9316.989506,25368.48232,5390,2840,39287.63151,,29520,16880,410,34521.99173,2117.505562,48940,4140,43380,,3150,9090,41940,4150,1530,,700,760,630,13870,23170,7030,,3160,,5290,42664.98384,36340,1950,832.8332452,13590,1300,13090,5296.645821,4306.203972,1172.614989,1719.043845,3580,897.7125062,82210,1480,,40700,7130,6310,40690,32540,36200,4980,3720,50060,9940,1050,1040,880,2620,15470,25660,49690,9354.508296,1370,7560,570,11550,8850,9788.23556,889.5392291,713.3452079,,3360,2021.049479,4149.973016,1500,7457.604998,14100,87890,13800,60790,,2980,,3140,500,6630,8294.498546,10050,3470,4497.813754,4770,730,22160,990,4565.983186,7000,3650,,600,1760,9550,460,10180,52616.5579,5730,,550,2440,1670,52940,99110,770,8870,36700,37726.95574,22270,13798.68683,1120,9540,5790,2860,12760,2270,13160,1527.573032,18680,,21150,4750,3210,3350.436359,42973.19677,,72880,8760,13490,700,1390.209749,24040,1140,1320,51740,1820,530,3210,,,6080,1710.07119,850,1711.016548,12316.03156,1230,8550,17750,23250,59090,4310,,11540,2860,,960,5116.152516,9687.120838,590,5520,1150,5560,9767.964884,3570,4581.876412,4320,1390.209749,1711.016548,16840,4320,11960,4430,810,830,3650,7581.608065,13330,52780,2160,6400,12710,,,1540,2830,10522.58942,3660,3540,1260,8370,1690,1260
2013,24510,1697.844163,650,1931.807956,4780,4540,,7359.842857,42840,12840,4110,,12620,66050,50700,7450,260,47880,1220,770,1040,7590,23790,27490,5270,7030,4180,101760,2590,12790,15660,45320,2410,7570,380,52800,13428.8319,91700,,15160,6740,1350,1480,410,3740,7950,1490,3490,9930,9873.899406,6640,20580,44030,27830,19410,47190,,6700,63200,6030,5520,5685.89066,3410.424922,9711.412578,10272.95572,26061.31838,5810,3030,39483.39864,,29210,18250,470,34834.48142,2180.246235,49480,4710,43780,,3180,9330,42920,4530,1840,,700,730,640,14030,22410,7350,,3380,,5540,43480.95374,38570,2000,883.4221069,13750,1390,13520,5725.667543,4640.008659,1245.72609,1872.433962,3730,929.7198516,87840,1520,,43490,6990,7050,46960,34670,35550,5010,3830,48850,11840,1110,1190,970,2980,16610,26980,53060,9799.053056,1610,7640,650,10750,8790,10197.81418,962.7906988,685.2665759,,3490,2126.067374,4486.926724,1460,8250.40528,15340,85120,14850,69510,,3090,,3620,520,6800,8694.382325,10270,3880,4876.42147,5030,780,23370,1160,4625.61051,7330,4330,,670,1850,10520,410,10840,53872.35625,5950,,570,2690,1740,52950,104190,860,13000,39930,38367.98328,23340,14879.64722,1210,10630,6420,3160,12870,2500,13390,1660.159503,19170,,21370,5510,3470,3729.95054,43717.02492,,79390,9320,15190,720,1437.08943,25440,1080,1340,54480,2160,660,3350,,,6460,1790.904305,1160,1791.944583,13233.20442,1430,8950,18190,23230,61800,4420,27540,12700,1350,,970,5750.070553,10571.01371,620,5720,1330,6510,10179.76158,3210,4639.180591,4540,1437.08943,1791.944583,18750,4360,12600,5560,890,800,3950,8323.641557,15330,53980,2430,6560,11970,,,1720,2960,10894.35943,3800,3800,1440,8070,1760,1320
2014,25350,1677.094818,630,2061.522937,5010,4540,,7381.678551,44370,12330,4140,,12760,65180,50370,7740,260,47800,1270,760,1110,7700,24070,28110,5300,7620,4260,99920,2830,12120,15630,43090,2460,7700,390,52200,13565.66436,89400,,14940,7470,1450,1540,440,3990,8200,1490,3360,10350,9873.800475,6840,20460,42930,26530,18900,47620,,7740,63670,6330,5490,6182.564578,3442.607603,9931.074686,10174.41974,26083.92263,6110,3230,39368.04703,,29130,19000,550,34802.16338,2261.017563,49390,5020,43320,,3150,9330,44670,4740,1880,,740,650,640,13230,21990,7520,,3550,,5570,43637.6925,40240,1990,923.4956142,13420,1430,13560,5909.708743,4785.854238,1314.82144,2006.170914,3620,965.5697321,89000,1560,,46380,6500,6750,48090,36300,34890,4910,3920,44440,12080,1230,1250,1020,3220,16490,28160,51000,9628.129506,1830,7550,650,7610,8840,10091.68721,1009.068968,705.0680895,,3640,2164.369111,4629.993936,1350,8652.521776,16070,86710,15330,72140,,3060,,3740,520,7320,8657.664479,10500,4040,5037.606606,5220,810,24560,1210,4482.299045,7320,4210,,690,1750,10820,370,11140,55450.94926,5790,,590,2940,1830,51980,104370,880,14920,41680,38462.85729,21920,15113.29617,1230,11190,6530,3330,14150,2990,13560,1736.094829,19280,,21190,5810,3560,3874.216226,43842.7757,,80890,9700,14630,740,1480.672585,25550,1150,1370,56380,2190,700,3400,,,6240,1831.003266,1250,1832.088734,13429.9508,1630,9260,18270,23610,61870,4130,28670,13350,1130,23280,980,6252.121647,10490.91642,640,5760,1350,7200,10066.96033,2710,4493.198284,4600,1480.672585,1832.088734,18560,4380,12630,4670,970,820,3560,8662.981893,15790,55800,2600,6390,13080,,,1880,3000,11005.71578,3820,3910,1460,7370,1800,1370
2015,26560,1579.434512,590,2005.476912,4520,4390,,6880.226744,42870,12590,4010,,12850,60490,47450,6610,260,45540,1180,700,1220,7430,22580,28670,5210,6750,4400,101120,2960,10190,15740,38850,2520,6780,400,47590,13253.24165,87960,,14130,7890,2050,1500,460,3090,7330,1380,3210,10700,9851.591451,7230,20210,44380,26010,18370,45750,2550,6880,60510,6580,4850,6431.939193,3321.548637,9810.525279,8865.335516,24716.42282,5970,3340,37716.55829,,28430,18700,600,33402.22128,1988.407938,47150,5100,41100,,3490,7970,44730,4410,1940,,760,620,640,10850,20170,7750,,3700,,5470,42386.85547,41180,2040,934.5303462,13140,1410,13230,5732.792871,4642.416372,1317.016066,1979.770282,3430,981.9104729,83990,1600,,50360,5370,5800,49940,36200,32980,4700,3950,39380,11380,1300,1180,1060,3470,16410,28720,41820,8814.303015,1980,7300,650,5690,8740,9129.03705,1000.197187,686.9847329,,3760,2126.866619,4511.789013,1310,8475.301213,15180,73480,15100,62080,,3020,,3300,490,7650,7984.332403,10160,4290,4914.605545,5130,800,25230,1170,4039.429279,7250,3800,,640,1640,10700,350,10680,55739.27167,5310,,560,2820,1890,49820,92910,890,13690,40650,37335.97399,20160,14098.77488,1260,12200,6340,3380,15860,2860,13310,1653.734202,19420,,20440,5640,3670,3904.12802,42620.19657,,73440,9600,11780,750,1525.617811,23710,1220,1320,53160,2130,550,3440,,400,5960,1750.156681,1090,1751.308017,12679.75035,1650,8890,17690,22250,58420,3800,29560,14020,950,25530,880,6504.085281,9277.980298,640,5710,1260,7030,9071.754469,2200,4043.829313,4440,1525.617811,1751.308017,18910,4190,12030,5440,980,830,2800,8456.67139,15620,56640,2740,6560,,,,1950,2820,10650.36429,3960,3930,1200,6610,1580,1390
2016,26840,1475.405527,550,1782.15399,3770,4320,,6415.155407,40550,12220,3760,,13580,54090,46200,4790,260,43360,1110,680,1370,7400,21570,29020,5130,5640,4340,103620,3040,8920,15920,33170,2650,6950,410,43890,12862.3508,84420,,13370,8210,2050,1440,470,2210,6460,1320,3130,11100,9366.836402,7480,19680,45880,24720,17670,44250,2640,7320,58040,6860,4370,6637.447164,3278.383446,9884.605275,7746.460498,23405.35079,5800,3440,36331.79581,,27530,18430,670,32178.21175,1802.973111,45500,5280,39070,,3410,7080,43460,4080,1810,,780,620,650,8270,18630,8350,,3870,,5600,41487.22945,42970,2110,908.4487729,12550,1360,13100,5624.79465,4541.399435,1279.677543,1867.385068,3400,982.2661738,78860,1680,,51770,5500,5340,54910,36540,31950,4600,4000,38490,8770,1460,1110,1140,2920,18510,29330,35330,8086.433423,2130,7250,640,4550,9430,8413.952248,985.2411603,662.9443521,,3810,2135.444729,4418.700349,1270,8316.399432,14890,73670,14790,63700,,2880,,3180,470,8070,7593.104314,9390,4250,4819.903465,5000,780,23590,1200,3957.273191,7090,3490,,530,1510,10640,340,10150,55805.20601,4740,,530,2430,1960,46900,81370,880,12720,39440,36457.15887,18190,12990.67883,1310,12780,6110,3450,16720,2710,12720,1498.312054,19710,,19930,5400,3900,3941.323544,41816.25925,,64550,9620,9730,740,1603.348427,21610,1180,1270,53060,2140,490,3510,,400,5700,1598.033496,,1599.166636,11767.99623,1690,6940,16770,21770,54360,3450,30890,13840,830,27300,730,6711.675877,8205.61011,670,5700,1110,6830,8332.041718,1750,3957.954858,4410,1603.348427,1599.166636,16880,3980,11260,5060,970,800,2360,8254.558536,15440,57130,2790,6800,,,,2020,2830,10391.86198,4110,3930,1160,5990,1370,1390
2017,27120,1441.531746,530,1611.489483,3450,4290,,5940.74012,39280,13140,3950,,14320,51480,44990,4110,260,42470,1090,670,1520,7610,21250,30090,5120,5320,4420,112940,3090,8700,16070,29800,2800,7050,440,42900,13082.71562,81880,,13270,8670,2030,1390,460,1700,5930,1280,3080,11500,9312.596593,7950,19610,52840,24960,18310,43710,2730,7070,56690,7090,3950,6975.077847,3324.958068,10219.68571,7447.889026,22901.64167,5860,3030,35846.37923,,27070,18770,740,31831.79054,1659.050627,44790,5370,38270,,3450,6510,41880,4040,1880,,820,660,680,6510,17940,8740,,4100,,5910,41774.7064,46390,2230,900.5191666,12840,1340,13190,5748.984848,4617.042928,1253.881596,1753.537209,3530,1000.91043,78810,1820,,53280,5420,4640,60230,37970,31340,4750,4080,38990,8040,1510,1110,1230,3020,18840,30300,31400,7959.401876,2260,7490,640,5410,10060,8301.253717,994.0269359,649.3921955,,3870,2177.931276,4495.398209,1190,8520.87033,15270,75710,14850,69960,,2880,,3330,470,8600,7185.145828,8920,4440,4912.136766,4940,770,24140,1180,3730.338048,7400,3240,,470,1530,10980,370,9950,57600.92928,4620,,520,2090,2030,47110,75650,990,12340,38910,36629.29475,16130,12280.70982,1400,13750,6060,3530,16540,2590,12730,1362.945573,20000,,20040,5370,3930,4000.039427,42222.34549,,56920,10110,9210,730,1733.685926,19990,1050,1280,54460,2220,520,3600,,380,5570,1508.945221,,1510.114425,11234.29349,1700,5940,16600,22120,53030,3390,28210,14320,800,26200,640,7052.822239,7935.448314,720,5970,1030,6380,8206.755109,1800,3727.94994,4590,1733.685926,1510.114425,15980,3750,10970,4810,970,740,2360,8434.063491,15920,59240,2470,6990,,,,2120,2900,10464.82792,4070,3950,1080,5910,1300,1350
2018,,1494.710171,510,1611.86562,3210,4860,,6171.011768,41470,12430,4240,,15880,53070,48950,4080,250,46010,1200,750,1750,8530,22000,31150,5750,5730,4620,117000,3370,9170,16700,29390,2970,7510,490,45080,14658.67166,83280,,14550,9540,2180,1490,500,1790,6260,1370,3400,11970,9617.879122,8630,20090,59380,27330,20560,47410,3010,7700,61260,7780,3980,7650.701874,3470.291524,11082.92373,7868.316054,24448.82441,6090,2790,38822.81317,,29280,21300,800,34550.22591,1674.870367,48160,5910,41150,,3400,6830,42410,4460,2120,,860,720,720,6730,19060,9560,,4400,,6290,44688.26233,50060,2310,946.9408597,14280,1410,14980,6177.924014,4935.791762,1296.107775,1744.726419,3840,1068.939471,83660,2010,,59280,4530,5040,67760,41320,33810,5010,4270,41850,8070,1680,1220,1380,3100,19790,32730,33430,8241.907638,2480,7750,630,6800,10720,8634.310448,1045.59208,659.1108417,,4040,2292.285014,4801.583436,1230,9312.316915,17450,79440,16530,76480,,3090,,3920,500,9210,7331.426506,9180,4840,5257.170261,5500,830,27090,1220,3572.583459,8430,3690,,460,1640,12270,430,10650,61624.42373,4920,,570,1960,1970,51250,80320,1120,14290,41680,39037.21823,16370,13032.61522,1480,14490,6470,3710,17380,2600,14150,1373.772422,21080,,22030,5600,4190,4289.382446,45177.46705,,58830,11430,10250,780,1904.449483,21610,840,1390,56900,2360,490,3820,,400,6410,1540.721185,,1541.996242,11884.38042,1870,5970,18320,24610,55640,3620,27680,15750,920,28340,680,7735.792435,8445.362135,880,6610,1030,6740,8530.863873,1820,3565.139273,4800,1904.449483,1541.996242,15990,3730,10510,5440,1030,750,2750,9105.168589,17270,63490,2110,7400,,,,2380,3170,11148.93049,4050,4300,910,6340,1440,1350
2019,,1535.776856,520,1669.153323,2970,5230,,6419.081239,43830,11250,4660,,16420,54910,50960,4510,240,48010,1250,770,1930,9500,22230,32260,6180,6370,4690,117740,3520,9270,17380,32230,3150,7510,520,46550,15925.60965,84260,,14990,10310,2290,1540,530,1810,6570,1380,3630,12090,9996.385831,,20370,68200,28600,22110,49140,3310,8250,63460,8100,4010,8233.989648,3534.063576,11686.11949,8253.21357,25357.34308,6090,2690,40268.67459,,30350,23250,850,35969.78699,1757.886298,49940,5800,42510,,3930,7170,43460,4690,2230,,950,750,800,6280,19650,9770,,4610,,6630,46253.9713,50480,2380,979.8543334,15320,1390,16520,6510.13298,5178.74628,1333.340047,1740.019276,4050,1127.429498,83920,2120,,63230,3640,5810,72900,43540,34870,5250,4410,42330,8820,1830,1240,1530,3430,21160,33860,36290,8317.391697,2540,7420,610,7720,10950,8740.022095,1090.327296,683.2066421,,4010,2361.985761,5036.261298,1290,9980.529126,19050,77040,17790,75690,,3200,,4580,520,9640,7471.425673,9470,5050,5522.640711,5890,870,28340,1270,3462.47847,9130,3850,,490,1720,12890,550,11260,63981.78198,5160,,590,2030,1900,53180,81640,1230,16620,42870,40269.15309,16430,13613.90911,1410,14920,6790,3850,16710,2720,15360,1435.17022,22060,,23170,5510,4270,4353.675487,46744.97607,,61210,12620,11250,830,1996.160367,22840,690,1430,58390,2370,530,3980,,420,7040,1588.372251,,1589.624876,12405.61961,1950,6190,19230,25950,56410,3690,,15790,1170,30250,700,8325.433321,8901.158083,920,7260,1070,7220,8628.999384,2050,3452.590618,5150,1996.160367,1589.624876,16580,3580,9690,5620,1100,790,3310,9658.658398,17760,65970,1870,7460,,,,2570,3450,11552.73278,4230,4640,,6670,1430,1210
2020,,1406.289007,500,1654.42566,2140,5210,,5932.74187,39410,9070,4220,,13750,53690,48350,4480,230,45750,1280,770,2030,9630,19900,26070,6080,6360,4110,112240,3180,7850,14350,31510,2840,6640,500,43580,15784.58961,82620,,13470,10550,2280,1520,550,1770,5790,1400,3060,11530,8875.085909,,17140,64000,26440,22070,47470,3310,7270,63010,7260,3570,8323.880237,3257.913352,11609.63272,7914.071352,24048.16978,5530,3000,38096.99971,,27360,23170,890,34234.40846,1629.643957,49780,4890,39480,,3950,7030,39830,4270,2340,,1020,750,760,5810,17930,9410,,4490,,7130,44479.10021,48630,2180,959.0290015,14530,1320,15890,6269.713198,4978.674969,1305.14998,1664.756395,3870,1123.467239,,1920,,65620,2960,4680,62420,42600,32290,4670,4310,40360,8710,1840,1160,1500,2960,19080,32960,,7211.510472,2520,5370,570,4960,8560,7612.874591,1062.446119,668.8154235,,3720,2217.141241,4843.267215,1100,9860.563951,19620,80860,17880,,,3020,,4560,470,6490,6892.182778,8480,4940,5317.676792,5750,830,25370,1350,3096.370136,7900,3740,,460,1670,10230,580,10570,62371.73991,4500,,550,2000,1850,51060,78290,1190,15990,41550,38598.40412,15030,12379.45388,1270,12420,6030,3430,14390,2720,15240,1336.102851,21740,,21790,5180,3710,3914.99375,44973.66814,,55990,12580,10690,780,1834.913463,21930,530,1430,54920,2300,510,3630,,420,7420,1505.574493,,1506.501394,11246.34527,2060,4620,18920,25360,54050,3410,,12200,,,630,8416.251397,8574.070797,920,7040,1060,,7503.486256,1990,3088.899566,5190,1834.913463,1506.501394,15420,3300,9050,5820,1080,800,3570,9412.227493,15790,64530,1740,7310,,,,2650,3190,11067.86173,4050,4480,,6010,1160,1140
